Country,Year,ENI,POP,URB,AFL,TI,TS,CTS,KAOPEN
ARG,1990,-1.62834794751918,2.478135080393339,4.465724193695448,8.881237715298697,2.1884390258307005,-1.8977295706492556,-2.866435622124652,-1.2185401916503906
ARG,1991,-1.7186219701833498,2.492149479005038,4.469671144525927,8.98787978208031,2.133745806870369,-1.9839092658941664,-2.7624227877928944,-1.2185401916503906
ARG,1992,-1.7671780468901843,2.505671297926915,4.472118678200419,9.073271493435758,1.9773433722446205,-1.915217387033218,-2.540315264417034,-1.2185401916503906
ARG,1993,-1.8665600471726527,2.518731888808744,4.474514654109034,9.162503066779408,2.1941747740562882,-1.8187308622286935,-2.257578804212954,1.3114904165267944
ARG,1994,-1.882579712536461,2.5313850748340005,4.47688216568656,9.22770130716774,2.323790939971541,-1.7073624840996278,-2.0218815194495363,1.5670140981674194
ARG,1995,-1.8601603383307859,2.5436773811371256,4.479198716426141,9.207295801817105,2.504951330767053,-1.6209325690807659,-1.975564000087323,1.8225377798080444
ARG,1996,-1.8958605983718997,2.5556134977716063,4.481487280275514,9.267298097631047,2.673811217617694,-1.5368164400225206,-1.8006181446709244,1.0079092979431152
ARG,1997,-1.9594294490824158,2.567208351300045,4.483725454498716,9.35078888964163,2.799191614303239,-1.4551652895960252,-1.591816930897941,2.07806134223938
ARG,1998,-1.9747716004602955,2.5785309756882513,4.48592483166474,9.388437687600545,2.863609257511149,-1.454572003883799,-1.556011589812624,1.8225377798080444
ARG,1999,-1.9376824423634311,2.5896645590880083,4.488096898400948,9.357197994601648,2.8739212795969564,-1.542585899367196,-1.8225405429392219,1.5670140981674194
ARG,2000,-1.9400839376433603,2.6006703963379434,4.490230603883271,9.36037941657258,2.8902600010308883,-1.4862276407807724,-1.7848102846705214,1.3114904165267944
ARG,2001,-1.9666637677136827,2.6115911911667373,4.492326183203535,9.326065944660543,2.741060491209542,-1.520866045446741,-1.8906229894463453,-1.2185401916503906
ARG,2002,-1.895502984240787,2.622426704880913,4.494350350882848,9.215575311275188,2.55723849822304,-0.8734054827228355,-1.6171754805330065,-1.2185401916503906
ARG,2003,-1.9309354422971208,2.633146645280283,4.496314681075404,9.307937527374442,2.4819388920420997,-0.9003005580680044,-1.548969004240707,-0.1483880877494812
ARG,2004,-1.95555491859813,2.6437005391225568,4.498252903642014,9.41039870442006,2.481211477531256,-0.8991227951489545,-1.4815472136933796,-0.1483880877494812
ARG,2005,-2.065054682222064,2.654063350798394,4.50015405546734,9.515525869043566,2.606198265469388,-0.9026030626225761,-1.4302924188255968,-0.1483880877494812
ARG,2006,-2.0879984582158464,2.6642177675022882,4.502029427068578,9.612582170138788,2.660000971088645,-0.9055120345104123,-1.4042732390073278,-0.8501256704330444
ARG,2007,-2.1878827904359848,2.6742063565390066,4.503868090457766,9.715349784345017,2.672196390383786,-0.8929363162561583,-1.3120538838607292,-0.8501256704330444
ARG,2008,-2.195232518125955,2.684132287837155,4.505681287487349,9.764459291656319,2.6338358723176123,-0.9062742304618348,-1.2447991563280025,-0.8501256704330444
ARG,2009,-2.1698522532914297,2.6941277351778674,4.507458123972728,9.701049407533059,2.508919645299645,-1.0771308682314513,-1.4413977493289367,-0.8501256704330444
ARG,2010,-2.236985151439,2.7016498657005554,4.509198787626951,9.801561928604688,2.447944163642202,-1.0506506601089736,-1.3150832282186882,-0.8501256704330444
ARG,2011,-2.292375455879852,2.7131804585011974,4.5107496103686,9.869011376676323,2.458221941962924,-1.043949260716378,-1.241812169782772,-0.8501256704330444
ARG,2012,-2.3165982293502756,2.724549515439095,4.512188293617776,9.885392462623432,2.4451920999225143,-1.1865736391200528,-1.5178830318994376,-1.920277714729309
ARG,2013,-2.3257741548449293,2.7357406074390718,4.513592033498442,9.910049993773551,2.4254459218372344,-1.2264253534942773,-1.613903391373965,-1.920277714729309
ARG,2014,-2.271796739505068,2.746735218349256,4.514993805655305,9.88754979379231,2.3954111757601004,-1.2585418565676427,-1.7505104845959012,-1.920277714729309
AUS,1995,-1.4037734382449332,0.8554447976743896,4.4414505359137975,9.946483031802156,4.3542114144310675,-0.9728200349896685,-0.32647034729641267,2.333585023880005
AUS,1996,-1.4038948120396233,0.8685829906682638,4.439906316115583,9.996859566070825,4.406917695506207,-0.9588764698995574,-0.2588695813079621,2.07806134223938
AUS,1997,-1.4330188253848133,0.8797702475643647,4.438359708014043,10.039979590009684,4.528945494083186,-0.9656172451940644,-0.2180596551397833,1.8225377798080444
AUS,1998,-1.4707669979884586,0.8901926047207828,4.436787036691492,10.092978270296053,4.562254986261681,-0.9145315162461776,-0.1874924966194579,1.5670140981674194
AUS,1999,-1.5047827159077076,0.9016176565947258,4.435211888177536,10.13715015834415,4.651224163538758,-0.9381619627858698,-0.2984142247553412,1.3114904165267944
AUS,2000,-1.5396643883144177,0.9135403798292118,4.433610511838167,10.178024209133817,4.743798731538311,-0.890890779852945,-0.21501312964938754,1.0559668540954592
AUS,2001,-1.6138952518124285,0.927023963251926,4.432006566978902,10.216710611582725,4.763132828521827,-0.8127146191385657,-0.13201491768719475,1.0559668540954592
AUS,2002,-1.6402019004648705,0.9392296011053596,4.433456169780245,10.265287777538635,4.742534915264464,-0.8780975687225874,-0.23071033640907412,1.0559668540954592
AUS,2003,-1.6750549706245992,0.9515695677396246,4.434891817996452,10.299983544783249,4.6870971350821025,-0.9089143884493298,-0.26976251575527654,1.0559668540954592
AUS,2004,-1.7211881472889476,0.963163089361429,4.436313568647659,10.351368568991663,4.731294973088715,-0.990994494629089,-0.3516275220261379,1.0559668540954592
AUS,2005,-1.7672143083984782,0.9763609849050464,4.437721478016844,10.391302527975894,4.761967894911293,-0.934679202320149,-0.24480929702131377,1.0559668540954592
AUS,2006,-1.7927648139357035,0.9911132643583225,4.439115601658009,10.442624340790257,4.83334985611903,-0.876968411125556,-0.181524207789902,1.0559668540954592
AUS,2007,-1.8290116794560878,0.9973600487084633,4.440554943112951,10.506339967808255,4.8587844678917955,-0.8662765627357766,-0.17118700633759085,1.0559668540954592
AUS,2008,-1.8374021913755076,1.0174002661116224,4.441980443310163,10.53101049343291,4.820167399192793,-0.8469901447768412,-0.0563100767765026,1.0559668540954592
AUS,2009,-1.9278150533180445,1.0380107174084627,4.443392158425269,10.604155326388303,4.692913525942201,-0.7809318555342522,0.1757501844544618,1.0559668540954592
AUS,2010,-1.914594977375205,1.0535656132991627,4.444790143909492,10.57902057688089,4.727031169979286,-0.9001794255773371,-0.01884139149522789,1.0559668540954592
AUS,2011,-1.9884741519825757,1.0674608864553432,4.446174454497633,10.644599757383395,4.738487858601935,-0.8697236784292952,0.07528568119060898,1.0559668540954592
AUS,2012,-2.03882001897232,1.084919086462076,4.447369519724046,10.664919110526947,4.753103952256398,-0.8390902131203832,0.21802152658286758,1.3114904165267944
AUS,2013,-2.127525242986383,1.1021306008619673,4.448539767481996,10.73426501266465,4.855839876262856,-0.8865273305091342,0.11506137658804111,1.5670140981674194
AUS,2014,-2.1733666357256007,1.1170462657532527,4.449708647360732,10.755351131090467,4.705607735502449,-0.8555134078820458,0.08094208771481798,1.8225377798080444
AUS,2015,-2.1328254421849766,1.1314384322792443,4.450864494147092,10.742382003375354,4.788394299938026,-0.8796123563802067,0.05734742215262081,2.07806134223938
BGR,1994,-1.0673378355652885,4.334971670988464,4.212971685980312,8.899296119761798,2.3092435644371694,-0.09739091990790928,-2.0808655155853724,-1.2185401916503906
BGR,1995,-1.0345583811385106,4.330517685983742,4.216296672972847,8.952702104020553,2.1628746597073083,-0.5930721582620812,-2.5293659843830074,-1.2185401916503906
BGR,1996,-0.912255038708391,4.325360387187374,4.219610641054498,8.83005001232723,2.1570277209126627,-0.1529102558648675,-2.1300288896005135,-0.9630165100097656
BGR,1997,-0.8309973692615199,4.319272413641995,4.222899007029471,8.656691094059632,2.4170392869848683,-0.14544509154403465,-2.225851375359468,-0.9630165100097656
BGR,1998,-0.9347059515553782,4.312599386631332,4.226161986842287,8.728682883316843,2.2684880967597487,-0.26077780840565895,-2.1585992170691126,-0.9630165100097656
BGR,1999,-0.956906974402732,4.306992904383537,4.2294143542365665,8.666959893954566,2.392156049859934,-0.10452779529749574,-1.9816407411150578,-0.9630165100097656
BGR,2000,-1.0370824283705673,4.302053940217204,4.232641664126188,8.767858083171696,2.442804820988117,-0.2517268528679879,-2.381817043266551,-0.9630165100097656
BGR,2001,-1.0562170112261224,4.2821476181733775,4.2365094124019755,8.848213008137277,2.5903742872880353,-0.23469287944185485,-2.2597809041578243,-1.2185401916503906
BGR,2002,-1.17234800714305,4.277120595995354,4.241672016701234,8.9601321746863,2.5700100611703487,-0.2840937048259697,-2.2232442655345044,-1.2185401916503906
BGR,2003,-1.2167080827045922,4.269475232935082,4.246765174917327,9.036913396778603,2.511307169918111,-0.23554663935964812,-2.0168567508619675,-0.9630165100097656
BGR,2004,-1.3261752169469863,4.262019204763836,4.251818286046291,9.126214625295972,1.6354215727144672,-0.0718839266922732,-1.6667886030317889,-0.7074928879737854
BGR,2005,-1.3766134927942064,4.255593386262783,4.256803489919804,9.239070722614843,1.4077403264550765,-0.0028619581627076533,-1.5259623892609273,-0.4519692361354828
BGR,2006,-1.4430332726132307,4.248090378472197,4.261721671630233,9.34087251157256,1.3424554622417262,0.10478751630933854,-1.2953411740141774,2.07806134223938
BGR,2007,-1.5686751494149547,4.240921683786,4.266587724407519,9.4570514516953,1.1529485698416575,0.21195839935319938,-0.9702390627287645,2.333585023880005
BGR,2008,-1.688620657808528,4.23390245634054,4.271402289340957,9.57050795943801,1.2856230662353076,0.2214291685428512,-0.8827347403602424,2.333585023880005
BGR,2009,-1.7972891081795164,4.2279201114804,4.276152098041018,9.560163745432991,1.2734433677627763,-0.07541337892589635,-1.2948066716698767,2.333585023880005
BGR,2010,-1.817100822128758,4.221337357014042,4.2808517912994075,9.60726069110094,1.2572114444629638,0.03645764256078809,-1.270458590178285,2.333585023880005
BGR,2011,-1.7891089556637603,4.21492506780889,4.285488200874349,9.658941717943328,1.3483890002958248,0.1644496882454459,-1.0487891726158651,2.333585023880005
BGR,2012,-1.8659604159690806,4.209132861845247,4.290116916740178,9.69533316691497,1.2655623703157688,0.2194167756065027,-1.01924910544378,2.333585023880005
BGR,2013,-1.9628122180869934,4.203536389671139,4.294737946509789,9.716059213598063,1.408062919593039,0.2632684295862315,-0.9300820371041837,2.333585023880005
BGR,2014,-1.9580542985805875,4.197852497030609,4.299337720548982,9.773122287619616,1.1753357887885698,0.26721768229436316,-0.923900619289988,2.333585023880005
BRA,1990,-1.9631363770622423,2.8807320222798025,4.303010483244471,8.810043243475219,1.621026474265426,-1.8863940102520047,-1.6595598254572848,-1.920277714729309
BRA,1991,-1.9926679643660852,2.898326204017378,4.313346214368975,8.840713591926553,1.521486045024565,-1.796314831309249,-1.2310981394127856,-1.920277714729309
BRA,1992,-2.000148884629506,2.9153995570051934,4.323390659188925,8.841493463885467,1.4343288701827512,-1.6474854476284417,-1.4446883428447117,-1.920277714729309
BRA,1993,-2.044444531126957,2.932048142087605,4.333112087769238,8.893857565234113,1.4445029842640498,-1.6296755034583512,-1.2646788872672312,-1.920277714729309
BRA,1994,-2.0661515111983997,2.9483860756596125,4.3425448874541726,8.950619927154923,1.4048887279226727,-1.643361595883816,-1.12010677166002,-1.920277714729309
BRA,1995,-2.09646529665331,2.964483228201878,4.351696284866048,8.99849401638389,1.5253965834567802,-1.7728713776866258,-1.1870362448166987,-1.920277714729309
BRA,1996,-2.08462310711339,2.980371604465508,4.360573145454709,9.022585555694173,1.588103946013445,-1.8556203655496262,-1.2988405524391466,-1.920277714729309
BRA,1997,-2.085586157761552,2.996008851870482,4.370055262892662,9.057430159534773,2.27309482536822,-1.797201695634727,-1.1720297561978312,-1.920277714729309
BRA,1998,-2.076447001929869,3.0112984888976646,4.379285380868497,9.05670813468167,2.245534335312902,-1.8055388748088674,-1.196963221022722,-1.2185401916503906
BRA,1999,-2.073037078280877,3.0261096098914013,4.388207493748963,9.06090027338613,2.3185396962366704,-1.5614973243747279,-1.111746539287687,-1.2185401916503906
BRA,2000,-2.134075869010561,3.0403512842322766,4.396816720146517,9.11171119432428,2.291306346869971,-1.4854624734863102,-0.9476941242470313,-1.2185401916503906
BRA,2001,-2.1522803165610433,3.0540208549958088,4.401253115637476,9.133542041193428,2.309860900935456,-1.3116959227305924,-0.7390509448456809,-1.2185401916503906
BRA,2002,-2.171932246826464,3.067148296851078,4.405254760793088,9.166186149172683,2.229296087036153,-1.2866895110921994,-0.7954831578693927,-0.1483880877494812
BRA,2003,-2.185372557113931,3.079722124231762,4.409191797746523,9.183356645476366,2.200163989149624,-1.2679644626412445,-0.8081629575551467,-0.1483880877494812
BRA,2004,-2.2138209894613903,3.0917350655105658,4.413052806403983,9.253911656719627,2.206386065880116,-1.2147556481705308,-0.7104258203826437,-0.1483880877494812
BRA,2005,-2.2511404572949014,3.1031938754944384,4.416838605125925,9.304646291600253,2.296403014321524,-1.3061238385157632,-0.7362653441669486,0.10713554918766023
BRA,2006,-2.2856362998603,3.114095844029654,4.420562016887707,9.362412660323148,2.3556393308819508,-1.3454710911226067,-0.723340663785787,0.3626591861248016
BRA,2007,-2.315885302392032,3.124474464399329,4.42422368337367,9.437470205556705,2.433065543421718,-1.3746578736181287,-0.6946832326850259,0.3626591861248016
BRA,2008,-2.330613516613993,3.1344175806381624,4.427824230335382,9.49647850935561,2.490375029490015,-1.2998389266142967,-0.48642675146959335,0.3626591861248016
BRA,2009,-2.370185082699787,3.1440370632645562,4.431340471226803,9.493194702481068,2.447225988555871,-1.5093222249011955,-0.6950595828134867,0.3626591861248016
BRA,2010,-2.353845258594089,3.1534166306396125,4.434796962709978,9.567983465922435,2.547353465112459,-1.4796306533944097,-0.5216604654406275,0.10713554918766023
BRA,2011,-2.397961039902158,3.1625762572027947,4.438300629753053,9.618472466034952,2.6744765530187267,-1.4298529865257354,-0.41732612195093366,-0.1483880877494812
BRA,2012,-2.3648974649828713,3.171511567782021,4.441744963577992,9.6188867201725,2.7260159658477607,-1.381733004816025,-0.4007648346871566,-0.1483880877494812
BRA,2013,-2.367374288876184,3.1802475996944346,4.44510706205923,9.654303252905947,2.7319249224360282,-1.3553394046471987,-0.3722158936337069,-0.1483880877494812
BRA,2014,-2.3523543862766054,3.188805519923347,4.448422804313564,9.66259781803577,2.7056616430864486,-1.3989579746072536,-0.49096479990322917,-0.1483880877494812
CAN,1990,-0.9711434509621429,1.1135514619367233,4.338362062187618,9.910998672948013,4.577075833928915,-0.6896511192471477,0.9852261500475488,2.333585023880005
CAN,1991,-0.9857909957455583,1.1259790742498923,4.338858139272503,9.910757336834719,4.41918180608145,-0.7052023402313219,0.9634386639095327,2.333585023880005
CAN,1992,-0.9945218131245477,1.1378158296637868,4.342336811505701,9.930647048628247,4.50849981888026,-0.6364634167249806,0.9685554689620954,2.333585023880005
CAN,1993,-1.0113496165982614,1.1488051384525746,4.345777501998761,9.969445385361517,4.542044982088105,-0.5371556159443239,1.1967401222142564,2.333585023880005
CAN,1994,-1.041889036402225,1.1597577195231856,4.3491676427921,10.023727229307779,4.5397072473383595,-0.4370705259605548,1.3277305211139547,2.333585023880005
CAN,1995,-1.0759591087426394,1.1701054143618692,4.3525334552791115,10.06064007298429,4.508114218028339,-0.3669799589193115,1.3828851341120418,2.333585023880005
CAN,1996,-1.0904501780492133,1.1805585321930523,4.3560804241578674,10.084306631305573,4.5337789065598235,-0.3496919023458135,1.4106882971542103,2.333585023880005
CAN,1997,-1.1390985394416204,1.1904964181077051,4.361058328237685,10.133301215130745,4.55988994466907,-0.2932586800047716,1.5336124693066957,2.333585023880005
CAN,1998,-1.1935690715704714,1.1987955116409428,4.3659480644611905,10.174294658681521,4.724350357993992,-0.2439660146902791,1.6135238136044636,2.333585023880005
CAN,1999,-1.2302932849952557,1.206923937878105,4.370750800729505,10.230839992527228,4.808337220664636,-0.21826898520557014,1.6951173666321755,2.333585023880005
CAN,2000,-1.264377741439027,1.2162367534126277,4.375480253803848,10.284172421916344,4.860756979856678,-0.18582793234919265,1.7760450908694185,2.333585023880005
CAN,2001,-1.3183263640073075,1.2271002630689007,4.379648809887917,10.312542172005822,4.852263079819619,-0.24053071773197784,1.6782102339251679,2.333585023880005
CAN,2002,-1.3505643434868528,1.2379747423407683,4.380625653758254,10.336995794333196,4.842017871746639,-0.27474499613710573,1.6286165860757713,2.333585023880005
CAN,2003,-1.351345396056969,1.2469884697317266,4.381614049572353,10.380324926860064,4.767681910308909,-0.3554290650914039,1.485870460382759,2.333585023880005
CAN,2004,-1.3855104159759863,1.2563186775066768,4.382588976530058,10.428088372279499,4.784152229490855,-0.35052140689699074,1.4424724848003527,2.333585023880005
CAN,2005,-1.4585138729323004,1.2657633467811866,4.383550473042224,10.497120555319016,4.817921393717188,-0.3569195501265087,1.433301927519158,2.333585023880005
CAN,2006,-1.5284608630329835,1.2758666918081893,4.384685596499625,10.545209977539635,4.86031649304677,-0.38197338654268503,1.3755752134290828,2.333585023880005
CAN,2007,-1.5693018012024242,1.2855780432218715,4.386964423703505,10.582822773814216,4.8041802734768595,-0.4086104368303192,1.2848638556077718,2.333585023880005
CAN,2008,-1.5922458440424456,1.2964071143825724,4.389225659400575,10.603510786160273,4.840988523222341,-0.39763762266879166,1.2275010277325002,2.333585023880005
CAN,2009,-1.6045350059603876,1.3078246953737878,4.391457028402968,10.566044865439062,4.713511929820583,-0.5340521995136392,1.060094991850407,2.333585023880005
CAN,2010,-1.6367033826019757,1.3189433361255039,4.393671074268598,10.597114752930612,4.646760921427218,-0.5050102936780416,1.1134821187434392,2.333585023880005
CAN,2011,-1.6590412162436106,1.3287303139912074,4.395633638080098,10.635120792255186,4.627393371414686,-0.4676868907122701,1.1267427863399717,2.333585023880005
CAN,2012,-1.6990233618376822,1.3395884866216854,4.396139083961922,10.652328758540673,4.620259280242026,-0.46847601361285723,1.12708029858826,2.333585023880005
CAN,2013,-1.744069659971447,1.3501543992134624,4.3966442744972625,10.698707872770855,4.595375360164326,-0.4743157145151583,1.0981531689918154,2.333585023880005
CAN,2014,-1.756682486199884,1.3602077750002002,4.3971368974782346,10.731029046683423,4.60639878065406,-0.44038794075440446,1.1173914884404932,2.333585023880005
CAN,2015,-1.7670707283019407,1.3676711697798998,4.397641584306158,10.707089665469418,4.639882509963066,-0.41302004389750463,1.1313751021297747,2.333585023880005
CHE,1996,-2.173514971101011,5.1868680997890495,4.298645025734831,10.32634842428837,3.8190503560397153,-0.22727500494221092,1.01148271857352,2.333585023880005
CHE,1997,-2.199494439676729,5.18930233543909,4.297911060796277,10.36738297434884,3.7545414947585787,-0.11235260272023442,1.071922502229531,2.333585023880005
CHE,1998,-2.2248390710537347,5.192298955519174,4.297176556757488,10.401790150133428,3.5949395022953765,-0.11803727728328027,1.1039157842262255,2.333585023880005
CHE,1999,-2.2546699642802377,5.197093479661575,4.296441512825939,10.428632541813421,3.535394706759095,-0.10452503398586074,1.075867066107275,2.333585023880005
CHE,2000,-2.3297118716965732,5.202738351306486,4.295692301165853,10.484669421926487,3.5697644951987924,-0.019125766860858155,1.1057081420420343,2.333585023880005
CHE,2001,-2.3038216084474556,5.209091328027187,4.295583278148261,10.512665306067086,3.5242631089352856,-0.0391181938214579,1.1091785933404645,2.333585023880005
CHE,2002,-2.362144854829582,5.216681346237734,4.295937559505866,10.537900776241806,3.4492476560763197,-0.09263039728907942,1.070721526402244,2.333585023880005
CHE,2003,-2.3653202936234536,5.224125807890173,4.296291715392641,10.537785633156016,3.4126228444420597,-0.11059752204929711,1.0478655175322757,2.333585023880005
CHE,2004,-2.4064540762065976,5.231025395526061,4.296632131656933,10.57567104972222,3.3825815255581952,-0.06195462478320592,1.0656852302295983,2.333585023880005
CHE,2005,-2.4536935562279605,5.237482007140618,4.29698604168581,10.610839939099566,3.33967169113617,0.0032927091642419412,1.1024716458606028,2.333585023880005
CHE,2006,-2.5226161698798495,5.243782921830747,4.297339826506687,10.716611093283372,3.3353008688833623,0.04418756136510378,1.1119147000213043,2.333585023880005
CHE,2007,-2.679911478041175,5.252745100424539,4.297693486208131,10.814619454220772,3.2934789842767396,0.10715652167685762,1.2004077301086693,2.333585023880005
CHE,2008,-2.7097226201248352,5.265451281163116,4.298047020878607,10.870181146455248,3.2802810405580036,0.13784179685326078,1.2708309098665451,2.333585023880005
CHE,2009,-2.69998477184618,5.277946127475854,4.298386840233909,10.855304629703827,3.2896795522760915,0.06700578603006101,1.3331587594173373,2.333585023880005
CHE,2010,-2.7640668506253876,5.2883617080524425,4.298740129907937,10.880071284007666,3.315648802578179,0.15915678574542838,1.42520661656063,2.333585023880005
CHE,2011,-2.8638145293446273,5.299480497478763,4.299066132709015,10.936384318071639,3.2511586054316317,0.20290959980379264,1.5292001521452785,2.333585023880005
CHE,2012,-2.8938101142742356,5.310098690767442,4.299364875276622,10.965601541385341,3.620725363578039,0.21254651577353498,1.4821240436078778,2.333585023880005
CHE,2013,-2.900982740606137,5.321597488345567,4.29964995540643,11.003906813426678,3.282876951776096,0.27608927066006367,1.6120536475386618,2.333585023880005
CHE,2014,-3.007160867443418,5.333798528079894,4.299948523638275,11.03331039192427,3.219284966172278,0.15580744649126846,1.3763923313672057,2.333585023880005
CHL,1990,-1.4526853852862078,2.882197599779812,4.422100349302555,8.414311817535525,1.8098287936433353,-0.48214600211007,-1.486571560915607,-1.920277714729309
CHL,1991,-1.5402290208965592,2.8986817967809198,4.423624328261809,8.507655548780084,1.9917708741495257,-0.5431027424958065,-1.493129810776319,-1.920277714729309
CHL,1992,-1.6054162808637327,2.9151848620926755,4.425612805336803,8.63458101272861,2.1058879912548374,-0.5752921376558331,-1.4653976661452575,-1.920277714729309
CHL,1993,-1.6817658869537908,2.9314599356227293,4.429577936532104,8.719216094986878,2.258235630160573,-0.623452020339763,-1.4361119469782184,-1.920277714729309
CHL,1994,-1.695913631936544,2.947212160474655,4.433468043092008,8.79008352722,2.447166756204216,-0.6308293348964747,-1.3764028351684348,-1.920277714729309
CHL,1995,-1.7516671980791587,2.9622420053126732,4.437283936990393,8.90270438589836,2.473423062046688,-0.5984343923028547,-1.1870853661146041,0.35422924160957336
CHL,1996,-1.7496334289973328,2.976499518135242,4.441014623819759,8.988642162641302,2.5913038265446926,-0.6020645642662759,-1.1802508252146662,-1.920277714729309
CHL,1997,-1.7252671331482474,2.990039098265535,4.444672741324152,9.063848857670612,2.856158326399709,-0.5988081338875775,-1.1167032443631142,-1.920277714729309
CHL,1998,-1.7439472029690086,3.002908063825058,4.448247333906198,9.104509203377425,2.9192563016632143,-0.6102562802875587,-1.166097991310599,-1.920277714729309
CHL,1999,-1.693533096113716,3.015188492031617,4.451762563358776,9.102434118414964,2.920221100206675,-0.5915429027137757,-1.2479451054668846,-1.2185401916503906
CHL,2000,-1.7619681049610765,3.0269606063083807,4.455195773404245,9.164669821621555,3.012386013802881,-0.5222941009500972,-1.1517103012544339,-1.2185401916503906
CHL,2001,-1.835027796721481,3.038222464657826,4.458559343348016,9.207601734852366,2.874892065310523,-0.45976619168161664,-1.0996096262554922,1.3114904165267944
CHL,2002,-1.846691971327888,3.049010593923097,4.461369097233025,9.24310409710461,2.7838793936589727,-0.45580529641847617,-1.119394010808437,1.5670140981674194
CHL,2003,-1.8948465568465098,3.0594909765480742,4.462050111393274,9.291120390886348,2.7195725452995214,-0.41073466856861146,-1.0926045187051707,1.8225377798080444
CHL,2004,-1.9280906827662023,3.069867404558888,4.4627421928558135,9.376924998114614,2.884912400632215,-0.3604870098794228,-0.9109030408233025,2.07806134223938
CHL,2005,-1.9840900538405861,3.0802875003740033,4.46341074995013,9.453018545102374,2.9221690219222607,-0.33384104901058514,-0.7728529787549225,2.333585023880005
CHL,2006,-2.166408864566434,3.0908467657151606,4.464090375606239,9.664847231039678,2.978494210264293,-0.3133602724772459,-0.6270495937032535,2.333585023880005
CHL,2007,-2.213247153368966,3.101532140798345,4.464758032271346,9.73754134385674,3.1365602463654847,-0.26909043301196806,-0.568902907711988,2.333585023880005
CHL,2008,-2.207269908920656,3.1122465205220577,4.465436743206816,9.711225164284532,3.163488877653433,-0.2133197949421957,-0.5583663818234902,2.07806134223938
CHL,2009,-2.2238544437026095,3.1228393235304712,4.466103501864892,9.690269903190632,2.3192528766747404,-0.4104193161871286,-0.7662900733632617,1.8225377798080444
CHL,2010,-2.3071460916198747,3.133228615134844,4.4667583318335495,9.807075982160933,1.8415354648946216,-0.3701406872493924,-0.615959771049154,1.5670140981674194
CHL,2011,-2.344764178757456,3.1432030062868233,4.46742421018611,9.920471058886038,2.785068796903172,-0.3256516674544379,-0.5479734645544856,1.3114904165267944
CHL,2012,-2.308400529306883,3.1528335808521506,4.468078176168768,9.976166633726505,2.853605688162424,-0.3816727093702249,-0.6229611876429951,1.0559668540954592
CHL,2013,-2.321394559299981,3.1626221020235565,4.468731714759404,10.018568200294165,2.8612203315517397,-0.43119105159103305,-0.7080256809720293,1.0559668540954592
CHL,2014,-2.416694641850228,3.1732335532830196,4.469384826516287,10.033930363002431,2.861293780392293,-0.4265980259298915,-0.7897689398571042,1.0559668540954592
CHL,2015,-2.425917725260032,3.18501112799721,4.470037511996595,10.029591871333563,2.902514969241607,-0.5281027627416879,-0.9519107260369262,1.0559668540954592
CHN,1990,-0.2474527560557992,4.795092004853576,3.274953655087905,6.8899334679594695,-0.1131886298395241,-1.4158001219106575,-0.9653482795899089,-1.920277714729309
CHN,1991,-0.39603266334134907,4.808736344937608,3.3073261660520847,6.99841945171078,-0.007396199572011671,-1.349009208173199,-0.7891626551469755,-1.920277714729309
CHN,1992,-0.5180480575352552,4.820991707220967,3.339321977944068,7.141620019663341,0.2125725827436135,-1.1991273473519315,-0.4843470937051992,-1.920277714729309
CHN,1993,-0.6137448516621934,4.832487901529313,3.3708412616472563,7.283406282959268,0.5096708892265939,-1.0200947409537469,-0.029806058383297432,-1.2185401916503906
CHN,1994,-0.7112978191820701,4.843790507850878,3.4019970618327195,7.415911774319535,0.4698798628452184,-1.0280658049817437,0.12155489745269923,-1.2185401916503906
CHN,1995,-0.7648527601796823,4.85465666452158,3.432728347941503,7.529700685563203,0.4395257257488367,-1.070780335010213,0.17091303418475198,-1.2185401916503906
CHN,1996,-0.8502233811074966,4.865139144825734,3.4631074514460347,7.632022772076262,0.6247876993153282,-1.0842732222230584,0.2593953994488824,-1.2185401916503906
CHN,1997,-0.9566678611143025,4.875373645067721,3.492955806901696,7.727177800789315,0.7001344800028173,-1.0632542947016057,0.38091646894974474,-1.2185401916503906
CHN,1998,-1.036475260527724,4.884969149130709,3.5224410889475197,7.80423096733768,1.3392820967623211,-1.1262498229763676,0.3367469084197237,-1.2185401916503906
CHN,1999,-1.1055408755957665,4.89362766306064,3.551483460672974,7.883784711707463,1.3849883643330483,-1.0928916806572966,0.42714813091046394,-1.2185401916503906
CHN,2000,-1.1782464840506368,4.901508294154255,3.5800964216547797,7.979515406231661,1.413640570374647,-0.9311369235379281,0.775167874219514,-1.2185401916503906
CHN,2001,-1.2401464363391557,4.90877269968793,3.6134282725659386,8.07405217687344,1.6071945677303663,-0.9538015665290615,0.8498963832772738,-1.2185401916503906
CHN,2002,-1.2779721266327413,4.9154728285111835,3.6487082894246594,8.170421581440172,1.8351648156782905,-0.8498617261634583,1.1411565799581698,-1.2185401916503906
CHN,2003,-1.2585446007246042,4.92170150444536,3.6832637153283008,8.278227380904147,2.1009886181351556,-0.6577030512695854,1.50217407187275,-1.2185401916503906
CHN,2004,-1.2498739971667352,4.927640832596484,3.717078108472615,8.395174940824136,2.30855838295779,-0.5191010336387075,1.7529490889589385,-1.2185401916503906
CHN,2005,-1.288175903893702,4.933522149064899,3.750021589056174,8.527887038884852,2.5873731742626354,-0.4746882993389824,1.8680982110872686,-1.2185401916503906
CHN,2006,-1.3485631887368623,4.939105959311477,3.7811851248979624,8.671848538886772,2.7760998505156027,-0.4388323971242553,2.000080638641841,-1.2185401916503906
CHN,2007,-1.4297498492881546,4.944328744548258,3.811074962699643,8.826190063093797,2.9233018657247523,-0.47492180063661427,2.037445512121949,-1.2185401916503906
CHN,2008,-1.5101767700885778,4.949452613864629,3.8402906707503037,8.93249315917648,3.085585005034525,-0.5514268501328977,2.007046204753127,-1.2185401916503906
CHN,2009,-1.5414647191523638,4.954426361300624,3.8686978806897723,9.024952929252636,3.162603749922997,-0.7944077558333557,1.8533061782437636,-1.2185401916503906
CHN,2010,-1.5547815398825482,4.959255958187408,3.896421939199495,9.132785087228038,3.375619590910923,-0.6789076018386218,2.093486198312562,-1.2185401916503906
CHN,2011,-1.5966496366956717,4.964047462729905,3.9221911343437723,9.239886660070397,3.667752119496055,-0.6784378440130929,2.1455271804470617,-1.2185401916503906
CHN,2012,-1.6478320941524311,4.968919773909618,3.9467142452180766,9.323454561403635,3.878031202398553,-0.7284113526514812,2.147460966185755,-1.2185401916503906
CHN,2013,-1.68384025606036,4.973856870244732,3.9705371664940285,9.38628765826714,4.1074067571108825,-0.7604761961649728,2.170832216689972,-1.2185401916503906
CHN,2014,-1.7246875410416862,4.978919986162533,3.9937688772784266,9.437457756560873,4.220017867317214,-0.8006162226781816,2.1562439411987224,-1.2185401916503906
COL,1994,-2.0798363906636848,3.4728919350530614,4.2672889572034585,8.711224995282922,1.0193280428923686,-1.0239445014148338,-1.8027353863634146,-1.920277714729309
COL,1995,-2.133970558886853,3.491248093929594,4.273564090474361,8.764336624611035,1.2202735541511804,-1.0357155117682197,-1.8309251873729837,-1.920277714729309
COL,1996,-2.148371692593353,3.509070834587802,4.279758554726245,8.7850086499627,1.222507643071987,-1.0204267978563155,-1.797831097753763,-1.2185401916503906
COL,1997,-2.2293717796323658,3.5263817316123505,4.2858185518752885,8.818522383536733,1.430403298966131,-1.0329069085812077,-1.7573498384720498,-1.2185401916503906
COL,1998,-2.200094753459335,3.543218110868781,4.291801006600325,8.818560009686138,1.5629048774211727,-1.0241843683553769,-1.806021583354435,-1.2185401916503906
COL,1999,-2.283200969032903,3.5596386185445783,4.297693486208131,8.77352488561533,1.4622000192616713,-1.0175131735660161,-1.963178747287592,-1.2185401916503906
COL,2000,-2.329357032985098,3.5756761363424183,4.303483843230047,8.808424942955757,1.495999001432811,-1.118802175578832,-2.095615449202264,-1.2185401916503906
COL,2001,-2.3718133049369636,3.591348777933552,4.309173643932225,8.831089230793285,0.21074669177852076,-1.081722375828429,-2.0187931934264043,-1.2185401916503906
COL,2002,-2.432014007940044,3.606617973127571,4.314777777224254,8.856245316332222,0.802527460562203,-1.1091888473639775,-2.086299549268303,-1.2185401916503906
COL,2003,-2.4680532522476253,3.6213951894880028,4.3202974968541605,8.89830327461838,1.0696591047422332,-1.0074146396316026,-2.061900642640062,-1.2185401916503906
COL,2004,-2.5363278384715087,3.635566973992646,4.325720798462787,8.962654370745112,1.2310310656223182,-1.0254521581328027,-2.075205649409954,-0.1483880877494812
COL,2005,-2.573275163499189,3.649064421079781,4.331049079909014,9.026989035070931,1.4180781310318686,-0.9828927807559267,-1.9018597283162644,-0.1483880877494812
COL,2006,-2.618323912693763,3.661951795532876,4.336283697987302,9.108923899057979,1.5339549837483857,-0.9252972702337121,-1.8077410688596838,-0.1483880877494812
COL,2007,-2.7162628970626628,3.674296760122034,4.341412951788585,9.188296124049572,1.5150986012119476,-0.9915829446254677,-1.8419176951589413,-0.1483880877494812
COL,2008,-2.721949944102671,3.686058331122249,4.346451269159961,9.228106038976778,1.4799500975135782,-0.9373190499033158,-1.7076014215426862,1.0559668540954592
COL,2009,-2.7048734414748754,3.6971831880335353,4.351399887381968,9.23590780562434,1.322275912659448,-1.045371229943114,-1.737499632722253,-0.1483880877494812
COL,2010,-2.7442900500227965,3.707689709770619,4.356247181686395,9.28095219550992,1.4205783908823613,-1.0710573422586285,-1.746792184581574,-0.1483880877494812
COL,2011,-2.8305679313267116,3.7173810466300665,4.36099450184545,9.359106251003213,1.4532463278620547,-0.929618565321084,-1.4723728289608755,-0.1483880877494812
COL,2012,-2.86532899565303,3.726401147879769,4.365655861822936,9.394190536427807,1.4980508766261318,-0.9458443953981769,-1.4230212816462262,-0.1483880877494812
COL,2013,-2.8670055201819,3.73548407328198,4.370219706409847,9.451502926221673,1.4747971790318353,-0.9679354354237887,-1.4647926005568948,-0.1483880877494812
COL,2014,-2.9111889331701453,3.745582795970076,4.374687267287118,9.496045391457745,1.5248597934634467,-0.9811635584559549,-1.5185690761599633,-0.1483880877494812
DEU,1990,-1.4802417052680932,5.427225197425436,4.292074574474221,9.874445350087353,3.9022180821008474,-0.7794986822470137,1.8984488779377688,2.333585023880005
DEU,1991,-1.5831951524752195,5.434511252891053,4.294137599928059,9.95023759456939,3.9128488208453276,-0.7377810301280467,2.017413950795767,2.333585023880005
DEU,1992,-1.6435739571612284,5.4421147223582595,4.295378827948209,9.984264839980968,3.9367856426128145,-0.8009364619313392,1.9200629499942192,2.333585023880005
DEU,1993,-1.6670033707345133,5.448717277575302,4.297244589059251,9.991265904896775,3.9404200771778735,-0.9019753067649177,1.744905764032251,2.333585023880005
DEU,1994,-1.7166176917642662,5.452214487918216,4.300138475201197,10.032624041833223,3.9889679488222773,-0.8661233477931843,1.8083264731885302,2.333585023880005
DEU,1995,-1.742134884493183,5.455182177032489,4.303010483244471,10.06566782593171,4.034455167531604,-0.8305343579787985,1.9099370121537016,2.333585023880005
DEU,1996,-1.733421782987881,5.458105571524687,4.305860777295331,10.087284702051134,4.14751713689453,-0.7983827937976257,1.8928399270188296,2.333585023880005
DEU,1997,-1.7654149346704717,5.459683294537241,4.308676067923949,10.109053792612936,4.218527649780117,-0.7003196685814033,1.9398307181389802,2.333585023880005
DEU,1998,-1.8029017346523648,5.459920682311475,4.311483454937013,10.140320713072578,4.24732734883939,-0.6619397894568112,2.0427628538678357,2.333585023880005
DEU,1999,-1.8631540527138146,5.460681641271171,4.3142562299555705,10.176989982824564,4.283726395006164,-0.6279991646030966,2.052914356320009,2.333585023880005
DEU,2000,-1.894018921948069,5.462121925782025,4.3170213379468665,10.211311431472982,4.3252969825598395,-0.48570934479485484,2.1385981679665074,2.333585023880005
DEU,2001,-1.9082936773680303,5.463947476665833,4.319752215189378,10.253463167393708,4.29642269660776,-0.47702278374979845,2.176038335105026,2.333585023880005
DEU,2002,-1.9604028734326495,5.465743412462641,4.322462387961,10.281192126874585,4.256173319007118,-0.4953642719536491,2.191398712190995,2.333585023880005
DEU,2003,-1.9898384133178153,5.4664403797398755,4.325152004093066,10.304793833200916,4.26065963904025,-0.4804690861745263,2.2643919403751567,2.333585023880005
DEU,2004,-2.0293010264949336,5.466337964650491,4.3278212094094295,10.351546872846594,4.2736705225114155,-0.4120940444567349,2.3292908603878995,2.333585023880005
DEU,2005,-2.0515909207064507,5.465798854634037,4.330470147759479,10.367035891453337,4.290780337836297,-0.3436358530485491,2.349259651912259,2.333585023880005
DEU,2006,-2.0936658705178477,5.464785578287063,4.333085834159365,10.437613320523594,4.297917916436514,-0.25554111623208453,2.450295203044508,2.333585023880005
DEU,2007,-2.207692091693821,5.463591784350689,4.3356946965893925,10.498188414949603,4.30595047251077,-0.22471456727466083,2.500815802489861,2.333585023880005
DEU,2008,-2.2369123361901515,5.461805084141348,4.338270652718839,10.540127539145468,4.330946867094887,-0.20426285951682624,2.4929719855084485,2.333585023880005
DEU,2009,-2.274392169722522,5.45932861909486,4.3408269646765545,10.51464568902392,4.287013325512388,-0.3392741777999323,2.3571245701218047,2.333585023880005
DEU,2010,-2.2774525145218414,5.4579113826103525,4.34336376589649,10.570771743140776,4.282856399765699,-0.2247870982029092,2.4182473527027075,2.333585023880005
DEU,2011,-2.3972737809792326,5.43940292537647,4.345881188037528,10.658236079841604,4.304746850680893,-0.1600969088765463,2.480726463329297,2.333585023880005
DEU,2012,-2.414480200938899,5.441337583958838,4.346010780469512,10.677283752936903,4.334267038465002,-0.14486330109853296,2.43125167431282,2.333585023880005
DEU,2013,-2.4354654479496634,5.443091563803635,4.346140356109473,10.714282042785026,4.360887890517384,-0.16159139865518815,2.427069679782804,2.333585023880005
DEU,2014,-2.5208116889608174,5.4472030127371,4.346269914961763,10.758148618443288,4.400061402376139,-0.1669984370274584,2.431267853471967,2.333585023880005
DEU,2015,-2.524982776163547,5.455977603051711,4.3463994570307305,10.772346757391185,4.4053744054788195,-0.14925274175799574,2.428812685488487,2.333585023880005
ESP,1990,-1.7740319214606384,4.35442165439825,4.322157196384573,9.522266196815321,2.1380293039080844,-1.0325230925869622,0.19789725968702881,-0.1483880877494812
ESP,1991,-1.795850112063499,4.35696692864376,4.324503448430216,9.578121246574767,2.007871220034976,-1.036242142785375,0.24549246229389945,-0.1483880877494812
ESP,1992,-1.8092057760593134,4.361864507698161,4.3255885495701785,9.605006425170824,1.9072153938897296,-1.0222669322332012,0.25995989818238463,-0.1483880877494812
ESP,1993,-1.8639848076619587,4.367049942906824,4.3266724745418035,9.612868809362016,1.9359567912911315,-0.995607404049656,0.18524069644192678,1.0559668540954592
ESP,1994,-1.8546710894165814,4.371810948458516,4.327755225892088,9.652788793007657,1.910828482915006,-0.8760013893996238,0.36399200556135314,1.3114904165267944
ESP,1995,-1.857561850602994,4.376224605953894,4.328836806159763,9.69632805786138,1.8787248332902817,-0.8035118832568642,0.5271810588902364,1.5670140981674194
ESP,1996,-1.9182151304225112,4.380389763936022,4.329917217875331,9.737988193915694,1.9479531065240068,-0.7712120946198954,0.5897433967909436,1.8225377798080444
ESP,1997,-1.9164258262568414,4.384580959108043,4.330983309041538,9.792931120122994,1.920256942054627,-0.6700899119127203,0.6788960589962609,2.07806134223938
ESP,1998,-1.9356319679555816,4.388719433919183,4.33204826486764,9.857247026074685,1.9212279674106933,-0.6412864141693512,0.7987413878268456,2.333585023880005
ESP,1999,-1.9363546706918726,4.392772664174411,4.333112087769238,9.901199447571916,1.986774147145878,-0.6044686333475244,0.8595424100250012,2.333585023880005
ESP,2000,-1.972473003659086,4.3981254093217395,4.334174780154233,9.98009367652714,2.0634680096897906,-0.509454335303694,0.9107570647681875,2.333585023880005
ESP,2001,-2.01500728762982,4.4060284769584275,4.3352363444228565,10.041465614090546,1.9921975106210381,-0.5447762203728169,0.9093770941712268,2.333585023880005
ESP,2002,-2.059481724201259,4.419111887104688,4.33772202036712,10.101173751741158,2.023437468939876,-0.5960353657102588,0.9141744908404172,2.333585023880005
ESP,2003,-2.0699317928444643,4.436855835740155,4.340918140783268,10.127381266156604,2.0199239771162976,-0.626167470912524,0.9589774450661693,2.333585023880005
ESP,2004,-2.0875876104140136,4.4541705955304325,4.344091095330844,10.170453904724237,2.003926385271866,-0.6065258636194873,0.9724702304555023,2.333585023880005
ESP,2005,-2.138982183974639,4.4712443979417795,4.347215186409202,10.225822253905925,2.0387500943026176,-0.6021682291188263,0.9289646716367843,2.333585023880005
ESP,2006,-2.262414498448699,4.488368348926346,4.350303742477934,10.331469264036075,2.0436763441483867,-0.5766603657263276,0.9426397482083926,2.333585023880005
ESP,2007,-2.3223705589111856,4.5066186644590704,4.353369925424077,10.387017543926785,2.0553445709131104,-0.5490883307872655,1.0087794910642602,2.333585023880005
ESP,2008,-2.397100414728859,4.523193267983587,4.356401087034909,10.412209136317346,2.134392533609838,-0.5801162173591163,0.9104957457380695,2.333585023880005
ESP,2009,-2.4551862072884547,4.53233134080221,4.35939751661352,10.377335370906538,2.1044598523211517,-0.7551316470969192,0.6980917226043637,2.333585023880005
ESP,2010,-2.447431185687259,4.534231826423518,4.362359498198406,10.36419390063953,2.0935249646918677,-0.6362331416055446,0.723817957396334,2.333585023880005
ESP,2011,-2.472177691826938,4.5380452389928445,4.365300021591444,10.369356810776237,2.048642268692461,-0.5311444766839746,0.8095802107221661,2.333585023880005
ESP,2012,-2.4698784821805493,4.538034557989165,4.368206576073018,10.364706458801322,2.005457375750939,-0.49683446076854865,0.7480405774862194,2.333585023880005
ESP,2013,-2.5580859409918317,4.534757867593368,4.371129981198671,10.386962632995797,1.9399467233831473,-0.47809549140497437,0.780540444838748,2.333585023880005
ESP,2014,-2.6102672449482354,4.531768357002487,4.374070064957425,10.420068799774878,1.9223811658353855,-0.44838915848588257,0.8260132616541178,2.333585023880005
ESP,2015,-2.6084167094957644,4.532090578886015,4.377039218162834,10.460599526448483,1.8721618177235404,-0.4429700916921114,0.8075193302453448,2.333585023880005
FRA,1990,-1.521793179860372,4.666770765306535,4.30482156376491,9.776744992266783,3.35236090461948,-0.8501272382309873,1.423639200704464,0.10713554918766023
FRA,1991,-1.51012226686604,4.672312351949679,4.307154909396519,9.814889028275857,3.3387934474197904,-0.844349642577696,1.417349831463575,0.3626591861248016
FRA,1992,-1.5658325635183994,4.677284761262826,4.309469382608934,9.848316375086403,3.308107001283367,-0.8677002875039388,1.3671944821353161,0.6181828379631042
FRA,1993,-1.5665692580766337,4.681617683698114,4.311765101633215,9.861094166483383,3.3009103528045687,-0.9186654562568615,1.2631000547339055,2.07806134223938
FRA,1994,-1.6495956569497354,4.685339998725144,4.314055562400834,9.901810381187975,3.2971256916944105,-0.8716462984979301,1.3386843856307324,2.333585023880005
FRA,1995,-1.65042088495575,4.688952497679927,4.3163140913085,9.939797751996759,3.284557441633907,-0.8290556000278105,1.433550195538358,2.333585023880005
FRA,1996,-1.6265109043030865,4.692493320387164,4.318580849616047,9.967425960587478,3.3122304485073037,-0.8135256825662063,1.4209104657761624,2.333585023880005
FRA,1997,-1.7031965421209556,4.696030821974031,4.3208159036289855,10.009479180038738,3.3380741345260687,-0.7332715667349424,1.4535857076809588,2.333585023880005
FRA,1998,-1.7274824205786772,4.69971680036016,4.323032713791661,10.058738052027254,3.328806856768408,-0.7030608228733661,1.5620310259329566,2.333585023880005
FRA,1999,-1.7740762064400197,4.704861363707664,4.325641451226012,10.098540173808193,3.328355046100087,-0.697940236919851,1.5277642415133246,2.333585023880005
FRA,2000,-1.8423476983166656,4.711708872786679,4.32903452970335,10.169705811597167,3.3494971799268334,-0.582299325003024,1.5902471820687523,2.333585023880005
FRA,2001,-1.8682734367485085,4.718986736835409,4.33240299826294,10.2220072428977,3.3277662680524323,-0.5985760357278749,1.5876477428339983,2.333585023880005
FRA,2002,-1.9096118154804658,4.726259051986348,4.3357208817973705,10.258497110939713,3.308968481323348,-0.6335202372788763,1.5898520063700348,2.333585023880005
FRA,2003,-1.8854239390168144,4.7327991158401534,4.339014744080591,10.245015375555584,3.2984444634267973,-0.6773164794934786,1.5659830035135351,2.333585023880005
FRA,2004,-1.909452908174287,4.740709979384057,4.342284785752941,10.276227134039939,3.3168589709162943,-0.6553696644987574,1.559249962551678,2.333585023880005
FRA,2005,-1.962056196345941,4.74826625047252,4.345492309945908,10.32543538099784,3.3084530325586954,-0.6165434851825013,1.5442941406445274,2.333585023880005
FRA,2006,-2.0466406483864605,4.755238320485162,4.348689578812867,10.386820472813046,3.299974763674805,-0.5779733334396121,1.5503837817128898,2.333585023880005
FRA,2007,-2.1141159347091256,4.761425294244403,4.351838009135277,10.436638197143942,3.285638259975587,-0.572333070666968,1.5528568384287065,2.333585023880005
FRA,2008,-2.1445006485319418,4.767013837829566,4.3550150854270315,10.465821441869009,3.2388842763778025,-0.5551767047589595,1.5457582586695993,2.333585023880005
FRA,2009,-2.1826481720150723,4.772158732868686,4.358207702813328,10.454824740934255,3.188514933565379,-0.683940673798648,1.4342898715609405,2.333585023880005
FRA,2010,-2.1909889728512604,4.777099092383055,4.361428440998676,10.48924175414935,3.238556970701574,-0.6002436930285695,1.4163985319261292,2.333585023880005
FRA,2011,-2.27544417981408,4.781935679336143,4.364651558489792,10.530511987867754,3.244160269772959,-0.5311886088524695,1.4695932462688621,2.333585023880005
FRA,2012,-2.2845048340526493,4.7867757305338365,4.3679023550033635,10.536861421090137,3.2320117333993514,-0.5158036742448798,1.4160685802063555,2.333585023880005
FRA,2013,-2.333117256780292,4.791923575278529,4.371155254785246,10.584659666191593,3.242020214346255,-0.5147657914597373,1.43714536459683,2.333585023880005
FRA,2014,-2.3952597780034326,4.796660614053299,4.374422798647149,10.600228936909286,3.2161566828933883,-0.5028773531306131,1.450743650088876,2.333585023880005
FRA,2015,-2.4040007432315065,4.800216306453882,4.377704809024858,10.617929169100044,3.1984077147363146,-0.4820487787172119,1.4423792689861112,2.333585023880005
GBR,1990,-1.5423925477613567,5.466492326472917,4.358502089626924,9.730262342384584,3.8984532989689487,-0.7339575554107197,1.5066890191239717,2.333585023880005
GBR,1991,-1.5312546475697204,5.469584805796111,4.35814369421055,9.749489621293465,3.8720368783266013,-0.7968700653836112,1.4073405962327858,2.333585023880005
GBR,1992,-1.561071411693626,5.47228911761693,4.35891152716783,9.773022460542755,3.8361644746879393,-0.7752113495769193,1.3798794438589543,2.333585023880005
GBR,1993,-1.5993447427334146,5.474686572009795,4.359678771009974,9.818990241187386,3.832342091300412,-0.7035545455623217,1.4731375373119444,2.333585023880005
GBR,1994,-1.650944117251296,5.477232436878384,4.36045819925579,9.875783303494075,3.8228677052860998,-0.6615171488567381,1.558235518633836,2.333585023880005
GBR,1995,-1.705098281292491,5.479877911046972,4.3612242577945874,9.928983780023263,3.8593484754218266,-0.6765315342804163,1.5617619723604534,2.333585023880005
GBR,1996,-1.7279847900311338,5.482424174889122,4.3619897299368855,9.991529547884634,3.8742359276272063,-0.6513657734010418,1.6190690792826643,2.333585023880005
GBR,1997,-1.812388393477663,5.484999708121926,4.3627418732620145,10.044752070707121,3.8753671384896218,-0.6811692393384341,1.6283339704715385,2.333585023880005
GBR,1998,-1.831207838759469,5.487913768976248,4.363506185036503,10.070565904158128,3.924576721982144,-0.7142438539492009,1.6330091793872945,2.333585023880005
GBR,1999,-1.8643835783224083,5.4912478277980945,4.364257189062305,10.10294008753622,3.9903548444961956,-0.7085504601685229,1.626213288100593,2.333585023880005
GBR,2000,-1.9426278834114021,5.494820836672307,4.365020343981627,10.181628006094751,4.0182675550142335,-0.6513925867126485,1.6484251356035828,2.333585023880005
GBR,2001,-1.992464480797312,5.498670596367952,4.366290976037817,10.231246670112759,3.9938703950688814,-0.6486782096623764,1.6627708625112603,2.333585023880005
GBR,2002,-2.0651518915070626,5.502903967164315,4.3700426122712,10.277413621466605,3.9723442585704487,-0.6773007949246025,1.6797656012932316,2.333585023880005
GBR,2003,-2.0930549343821045,5.507560378300344,4.373729811023894,10.317649913762672,3.9706329845485726,-0.6948345228714679,1.6402313514514397,2.333585023880005
GBR,2004,-2.1577952907137363,5.513249809434559,4.377378348109374,10.372390003262149,3.9106900989901785,-0.6936684779961777,1.6157452979488762,2.333585023880005
GBR,2005,-2.181763437732942,5.520115922495292,4.380963569820617,10.394158212216368,3.835936961242891,-0.6472229535223966,1.627884518594367,2.333585023880005
GBR,2006,-2.267897548155817,5.527466409279506,4.384511045966802,10.456256175268754,3.745051061073132,-0.5752583069377725,1.7131843747903641,2.333585023880005
GBR,2007,-2.336324446521265,5.535253070403918,4.387996280826917,10.480027891153215,3.7078597905187944,-0.6451377799010324,1.5616561979166503,2.333585023880005
GBR,2008,-2.3891612551993204,5.543123396627107,4.3914446456521405,10.509446774067852,3.6329918237569587,-0.5774978188408727,1.502583023116486,2.333585023880005
GBR,2009,-2.4102045908243133,5.550687305223041,4.394831797504715,10.463959962680187,3.5855482741536147,-0.6096916775210833,1.473168226707276,2.333585023880005
GBR,2010,-2.4210142557962975,5.558526191689507,4.398170616497186,10.501442360820379,3.553560806919925,-0.5353490794098337,1.4807599715618227,2.333585023880005
GBR,2011,-2.5259881080407576,5.566341257311874,4.401461547312489,10.523030014749274,3.560682200751133,-0.47313084789128884,1.5124616085038274,2.333585023880005
GBR,2012,-2.532962659549141,5.573294788635095,4.404729464079995,10.55351575877624,3.596642010756379,-0.4922914795549298,1.4709102576592243,2.333585023880005
GBR,2013,-2.5936500351052585,5.579992193990504,4.4079623766976015,10.595909371781296,3.57707976680636,-0.49131984315576044,1.475084404307116,2.333585023880005
GBR,2014,-2.698554227370485,5.587356833777719,4.411160589398945,10.627792694967313,3.574152038904503,-0.5378818635368614,1.452313040749251,2.333585023880005
GBR,2015,-2.7330650206583806,5.5952805088357485,4.414324400973044,10.657686116925708,3.5558009226664957,-0.5676941501236966,1.4543466461489174,2.333585023880005
JPN,1990,-1.7062732862003835,5.825495123077644,4.3481983561757245,9.881303375243435,5.676687157044127,-1.6264442629271874,0.7745672386898045,2.333585023880005
JPN,1991,-1.7632728171673084,5.828598682536029,4.349929488561644,9.945062106924428,5.676036893457998,-1.7106989254193308,0.7228006513059367,2.333585023880005
JPN,1992,-1.771090782904384,5.831081053345316,4.351696284866048,9.973557974726013,5.67523181207863,-1.7527423902176509,0.6228243425054376,2.333585023880005
JPN,1993,-1.7828477759005816,5.833549247471123,4.353447102790566,9.989313609136424,5.654100604497839,-1.8317144203835785,0.651074492837719,2.333585023880005
JPN,1994,-1.7608390254006805,5.836956105357748,4.355182020688641,10.016917406969286,5.6096402438135025,-1.8260731695988976,0.6883364885464452,2.333585023880005
JPN,1995,-1.7829842694339109,5.840774001369121,4.356913933858807,10.060903194887299,5.683689145905576,-1.7909908516437556,0.7344455240562837,2.07806134223938
JPN,1996,-1.8108787343565023,5.843580200967954,4.358566075294157,10.107045191398662,5.702198804428868,-1.6860759974126758,0.7778803679513693,2.07806134223938
JPN,1997,-1.828173131357707,5.845962913143869,4.360189940064707,10.132462087825079,5.763937388467879,-1.6074030744955858,0.8167188349012159,2.07806134223938
JPN,1998,-1.8466944670430965,5.84868020924618,4.36179841682689,10.1295890265844,5.762407083383519,-1.648593498887419,0.6578191692397566,2.07806134223938
JPN,1999,-1.8427233513658847,5.8505060729875815,4.363391575504684,10.139575256224537,5.76643826730269,-1.6955972985049768,0.6496770908772432,2.07806134223938
JPN,2000,-1.882808864622777,5.8521788287687135,4.364994914865287,10.197599832836023,5.801386108386729,-1.6184961794657406,0.7954014543947744,2.333585023880005
JPN,2001,-1.9248279903585581,5.854588354643926,4.3819016268607305,10.220942505137266,5.84714876337022,-1.6195827918996302,0.6855543060252425,2.333585023880005
JPN,2002,-1.9536196139343427,5.856913626514981,4.4024050765491785,10.245661631809204,5.802028408940173,-1.5757318308250607,0.7184469710031772,2.333585023880005
JPN,2003,-1.9901738187752331,5.859053436002778,4.421199269748354,10.272450556433402,5.779018226728262,-1.5332582228552945,0.7360005736137549,2.333585023880005
JPN,2004,-2.007073693503621,5.859390058585505,4.438406968109989,10.320487271936518,5.802572505012244,-1.4303567477144468,0.8316369464650012,2.333585023880005
JPN,2005,-2.0532466562939304,5.859483979551079,4.454091449574048,10.362918395680085,5.811881600306192,-1.3274409527832278,0.895087309143672,2.333585023880005
JPN,2006,-2.0995617577726984,5.860117715445261,4.467263521520054,10.406992331869617,5.767198970278373,-1.1929741248581724,0.9902265901377503,2.333585023880005
JPN,2007,-2.1515501255110534,5.861266803922523,4.478994530616345,10.448758333304244,5.735280899469373,-1.1058215585448807,1.0160657105080375,2.333585023880005
JPN,2008,-2.199320386864321,5.861751057868502,4.4897930039436105,10.457337202424757,5.7213605307148105,-1.0671420980270616,1.067788822425683,2.333585023880005
JPN,2009,-2.200000104921809,5.86162611155621,4.499687440638298,10.4102634706946,5.606686460516089,-1.4068685694171699,0.6534858735423775,2.333585023880005
JPN,2010,-2.1957278586170847,5.8616685521676795,4.508791435465379,10.462731686852333,5.59497171679657,-1.2513087564145653,0.8829848985077368,2.333585023880005
JPN,2011,-2.293308123177364,5.859802571857921,4.51161746095504,10.484996126763445,5.591038235436346,-1.1909577695274556,0.9164053430807464,2.333585023880005
JPN,2012,-2.352695591553738,5.858191749841938,4.5124845590298595,10.523832452845486,5.593178086216773,-1.1829903605719987,0.9195195110753018,2.333585023880005
JPN,2013,-2.3909954679978394,5.856749031008069,4.513339944169802,10.570652075651243,5.551827280988403,-1.0744801573138023,0.92425489776902,2.333585023880005
JPN,2014,-2.4237703690762205,5.855422088786597,4.514194598251299,10.57590013972492,5.545675867694138,-0.9796094693409438,1.0282647624439778,2.333585023880005
JPN,2015,-2.4665972548203867,5.85436083884913,4.515037579388883,10.606492069754477,5.524189591106984,-1.031672944104359,0.931077409305436,2.333585023880005
MEX,1990,-1.7020541214475553,3.7654175840324617,4.268563940388076,8.997374361012175,1.796594708644701,-0.9540004803631177,-0.3647417660744419,-0.8501256704330444
MEX,1991,-1.7293726032651946,3.783942016929414,4.274107292454388,9.05484380248142,1.8187262813888783,-1.0275984762508816,-0.3486912108068646,-0.1483880877494812
MEX,1992,-1.7821792581916365,3.802049415548595,4.279564691869761,9.097848702404047,2.1789695521874703,-1.034131696905263,-0.3161054974523596,-0.1483880877494812
MEX,1993,-1.739649668965085,3.819696964036168,4.284937373241925,9.054346059034522,2.226347735565742,-1.2791306695733622,-0.42926900858940065,1.0559668540954592
MEX,1994,-1.7867518741711297,3.8368239543763822,4.2902539405825415,9.10657657139225,2.4005936002772494,-1.180582768167228,-0.25036626536462037,1.0559668540954592
MEX,1995,-1.7750108251719139,3.8533999318660155,4.295487873256643,9.045773825480369,1.772150084934297,-0.7695743474696646,0.060379117602705284,1.0559668540954592
MEX,1996,-1.8368879835799181,3.8694573772384544,4.299595660694722,9.113398512536511,1.9806814652665021,-0.6847981294863091,0.31559984405860847,1.0559668540954592
MEX,1997,-1.8692394274420252,3.8850517839640353,4.303105173168857,9.181126910982002,2.409719704879648,-0.7179038808193597,0.41844934502731684,1.0559668540954592
MEX,1998,-1.9032753658838153,3.9002127109805804,4.306575453125884,9.227508692658015,2.4283558705649506,-0.6734206026892213,0.5722761070575114,1.0559668540954592
MEX,1999,-1.9163170350483676,3.914974811128015,4.310006865321649,9.254244658035285,2.519504946882208,-0.6808635058685044,0.650928698753937,1.0559668540954592
MEX,2000,-1.9895323490754744,3.929385685844933,4.313774560157658,9.313782256888436,2.580693205195673,-0.6456400915845287,0.8089857715287051,1.0559668540954592
MEX,2001,-1.9724644129719193,3.9434252944997343,4.318087933608278,9.317387670419345,2.604515852056383,-0.7514953438517493,0.683510193538539,1.0559668540954592
MEX,2002,-1.986445923371791,3.95715543410663,4.322342976262492,9.32255036230919,2.553000017819057,-0.7614706752354565,0.6736692491824574,-0.014185254462063313
MEX,2003,-1.9683582124280148,3.970793295419345,4.326540351455745,9.348575025837286,2.4716644627135387,-0.6890418299515371,0.6168851443993485,-0.014185254462063313
MEX,2004,-2.0225486342870176,3.9846079656063527,4.330693865823014,9.399783184514567,2.535905537800099,-0.537437918973032,0.8001147338718447,1.0559668540954592
MEX,2005,-2.01643604813101,3.998766192270234,4.334777782073271,9.446016042778608,2.6113378212898866,-0.4722601921253419,0.91546035833114,1.0559668540954592
MEX,2006,-2.095465235817358,4.013328268318665,4.338805932219318,9.5330162771406,2.6682824846789694,-0.5781640675769645,0.6841206674311217,1.0559668540954592
MEX,2007,-2.151180493781625,4.028188913071612,4.342765920720579,9.567319976111905,2.7216017399576926,-0.565716973547292,0.6401658703148289,1.0559668540954592
MEX,2008,-2.219819020360205,4.043142604183082,4.34668439052659,9.610780995055961,2.7055630577813767,-0.5485788780506048,0.5922744161577865,1.0559668540954592
MEX,2009,-2.208455968053535,4.057910180124207,4.350535967582511,9.585912765908763,2.5414680027918126,-0.5803942009549565,0.5464488662863128,1.0559668540954592
MEX,2010,-2.2988602863633116,4.072291595453042,4.354334214656974,9.63303096940856,2.547532945509783,-0.4982332668326419,0.704844994306284,1.0559668540954592
MEX,2011,-2.3426966055543703,4.086239520838556,4.358130891998327,9.712342695169069,2.497186883965161,-0.45460790719413346,0.7373700480379373,1.0559668540954592
MEX,2012,-2.3512939504877606,4.099792413358975,4.361887700832995,9.750506959716896,2.5694232297771786,-0.4190482554313632,0.8055657852033823,1.0559668540954592
MEX,2013,-2.374635314974049,4.112948023200417,4.3656304488623245,9.762724187444828,2.564720755646795,-0.44996767057225007,0.7756829511633652,1.0559668540954592
MEX,2014,-2.447037157058476,4.125724786835389,4.3693592409462,9.80067847159895,2.595714239113758,-0.4313433932335698,0.8192379751184133,1.0559668540954592
MEX,2015,-2.4760721723043284,4.138136564082574,4.373048955641531,9.81382992333345,2.6966200797786755,-0.3401505907487533,0.9923985577610918,1.0559668540954592
MYS,1990,-1.7282057282677008,4.005093521297246,3.9078944948443657,8.827380409952495,2.548223586777718,0.3845019248585023,0.5315105178838286,2.333585023880005
MYS,1991,-1.642551764645704,4.031914073122645,3.923477155473262,8.924987679093672,2.57297828524817,0.465690888128006,0.7859657309851779,2.333585023880005
MYS,1992,-1.6525775290889197,4.057645004508747,3.9476603830192776,9.006913216147884,2.5406330263166383,0.4095316351142685,0.7567575240699806,2.333585023880005
MYS,1993,-1.6921401993795533,4.082705949619235,3.972346405411251,9.099623418168386,2.6940149795844475,0.45704795641438023,1.0301308859989566,1.1292301416397097
MYS,1994,-1.8065377222987442,4.107672885904741,3.996400917891974,9.183906615799742,2.887879744271756,0.5872584291545464,1.327082196360049,1.1292301416397097
MYS,1995,-1.8422845592971526,4.132886412391337,4.019764683866366,9.273199792956131,2.984560605621452,0.652914596956662,1.5043678157796312,1.1292301416397097
MYS,1996,-1.8545161041426925,4.158427046123109,4.042507260240125,9.361138583791737,3.2781017028494244,0.5975553647699401,1.4754607461019698,0.8737064599990845
MYS,1997,-1.7905518867264294,4.184035528743314,4.064520891572683,9.423297410587265,3.398436060433142,0.6187743872954276,1.4815945759544509,0.6181828379631042
MYS,1998,-1.7759822237324732,4.209306711346672,4.085909083400999,9.332775704340207,3.294503430420649,0.7395163345821563,1.4108843975609426,0.3626591861248016
MYS,1999,-1.8369742828072977,4.233724781150993,4.106635386306333,9.382258725475443,3.249584854440908,0.7773546775625044,1.5413721996252925,0.10713554918766023
MYS,2000,-1.8125963642963003,4.2569709505632245,4.126763348477601,9.466003165183823,3.290160156953442,0.7903046938202296,1.6596184087189065,-0.1483880877494812
MYS,2001,-1.799564476681216,4.278925987707637,4.141895864080323,9.47090868633096,3.2200089657873447,0.7098304182558148,1.507460161569497,-0.1483880877494812
MYS,2002,-1.8346653538424613,4.299765554239217,4.156630548306378,9.51826990141573,3.015228736663861,0.689923152440351,1.5409244710863024,-0.1483880877494812
MYS,2003,-1.8403780796815246,4.319821674363895,4.170996913743183,9.572886023930572,3.020176419385389,0.6636932874579214,1.4325387982430935,-0.1483880877494812
MYS,2004,-1.8598615655906838,4.339539218954831,4.185007597119343,9.64536722711933,3.072843853032575,0.7437179770200506,1.5265716731211583,-0.1483880877494812
MYS,2005,-1.861162412343281,4.3591918400506025,4.198614483397898,9.708337132927204,3.197369529951125,0.7122370273964371,1.4739775963681592,-0.1483880877494812
MYS,2006,-1.9398476220593823,4.378900500932634,4.211875714306629,9.772786337323591,2.9079518486075626,0.7059506000584254,1.4613697126843375,-0.1483880877494812
MYS,2007,-1.9366477049939104,4.398492441516221,4.224787858247391,9.84078639279472,2.1834774712456095,0.6547467639312453,1.387507940340902,-0.1483880877494812
MYS,2008,-1.9587585584331602,4.417606093555623,4.237362069057025,9.888123987034426,2.9689030362257225,0.5691039174222352,1.2571463136972962,1.0559668540954592
MYS,2009,-2.00221837562359,4.435762841365439,4.249566097050852,9.862310832454511,3.029410015880647,0.48587064504473676,1.1860756636781482,-0.1483880877494812
MYS,2010,-2.0647829886156503,4.452673112075762,4.261439671684764,9.928607022574587,3.11920152582451,0.45707519659404905,1.1928428150212491,-1.2185401916503906
MYS,2011,-2.095208451119066,4.468253021576799,4.271220764391249,9.985286390033899,3.114373570312515,0.4378528153014082,1.14553921279895,-1.2185401916503906
MYS,2012,-2.1496081620704315,4.4827096283102605,4.28047828790241,10.042633017053824,3.172828577834803,0.39097229119370075,1.0854254273537087,-1.2185401916503906
MYS,2013,-2.0642597836130236,4.496400765442213,4.289500076996142,10.063820445825701,3.1966108956356245,0.35572142974263443,1.0153066183209756,-1.2185401916503906
MYS,2014,-2.103296155659929,4.509805672033823,4.2983324768965305,10.110814984150466,3.239207129291083,0.3243434882286508,0.9725806344632718,-0.1483880877494812
NLD,1990,-1.4714144239421385,6.093290907335064,4.229516275451556,9.859533039720683,2.9688545526708947,0.03954152282993013,1.8199409117336545,2.333585023880005
NLD,1991,-1.4743863377290596,6.1011712176888135,4.238863289080002,9.909009150951036,2.6809349379179275,0.049831567190971066,1.8509987176982348,2.333585023880005
NLD,1992,-1.5285013086911248,6.108731783622783,4.2516758926986675,9.940898287475928,2.7212983602655427,0.01979947016063595,1.791220489198656,2.333585023880005
NLD,1993,-1.5556609721667538,6.115701696924034,4.264087336809195,9.969842476623887,2.707808102194205,-0.010645228391256246,1.7596481256327106,2.333585023880005
NLD,1994,-1.5996732179675386,6.121731081666777,4.276138201914563,10.014123567442681,2.6824033865528745,0.029080385064221694,1.8380973761288266,2.333585023880005
NLD,1995,-1.5883379048829807,6.126670355391925,4.287839573935156,10.06062004374352,2.857262851633028,0.07528010702124649,1.9781280912933425,2.333585023880005
NLD,1996,-1.5850842102018403,6.131284312868002,4.299188356364877,10.105270683350055,2.9546232970704036,0.08372487972109804,1.9444483430471473,2.333585023880005
NLD,1997,-1.682379842813704,6.136431982889177,4.310168053818512,10.166169691958926,2.9651191479284975,0.13401292394402786,1.9394852878633857,2.333585023880005
NLD,1998,-1.7443179584962665,6.1425983881959745,4.3208159036289855,10.229492776567382,2.9496626957146086,0.1182453574921658,1.9715903296777468,2.333585023880005
NLD,1999,-1.8225393257422697,6.149253320066706,4.331127999240345,10.284268364718699,2.9598648809103,0.13454736425517708,1.9867643970340623,2.333585023880005
NLD,2000,-1.9062252236498662,6.156401023694548,4.341139533867592,10.369820556730499,2.9338580575453594,0.22731045674326636,2.0243235836592723,2.333585023880005
NLD,2001,-1.925576186246383,6.163949424271898,4.354526960971297,10.410135752197023,2.8053904461261765,0.18264454427183263,1.9894179178124027,2.333585023880005
NLD,2002,-1.9556644199660704,6.170332340934585,4.370877210195214,10.447183150308339,2.779981080320317,0.12625723137293915,1.9561635070816177,2.333585023880005
NLD,2003,-1.9161525610976538,6.175050484922466,4.386280075953498,10.437413852935961,2.8697695243879795,0.11261422800201028,1.9890060253927422,2.333585023880005
NLD,2004,-1.9508447209736919,6.178525239042951,4.400774784635574,10.485069193407769,2.824175768154986,0.16219220964032643,2.0251577817538,2.333585023880005
NLD,2005,-2.020354375359428,6.180861870522338,4.414372810713093,10.535438931069194,2.8601059190006937,0.20544104385013975,2.023367058284842,2.333585023880005
NLD,2006,-2.1183542130190967,6.182468007210912,4.426474049409177,10.620456592093996,2.8103409977280087,0.2450784243775784,2.0453818160858392,2.333585023880005
NLD,2007,-2.1907173328732674,6.184643223222856,4.437212966348551,10.689522141639193,2.703459609284597,0.2658801612284804,2.0865191363311895,2.333585023880005
NLD,2008,-2.259165672950744,6.18853614783785,4.447369519724046,10.745490024488511,2.8101465891131654,0.2704842237778143,2.0726472082440006,2.333585023880005
NLD,2009,-2.245474940908181,6.194568013940325,4.457690538594871,10.705485114652687,2.8486913210109885,0.1560592830975057,1.983191383840353,2.333585023880005
NLD,2010,-2.193817153779212,6.199697244945862,4.467447163602153,10.716061748598404,2.8126042717555966,0.27400451568507983,2.0265478246884263,2.333585023880005
NLD,2011,-2.3075762160222832,6.204658048707775,4.475960868298275,10.749334811962811,2.853161394153758,0.35397371186914856,2.087773205215166,2.333585023880005
NLD,2012,-2.3198587627506835,6.208358599055477,4.483996408257599,10.76367561230045,2.7845307664578915,0.4005759436032525,2.086005944083989,2.333585023880005
NLD,2013,-2.3706410462042076,6.2121968827050855,4.490735289054558,10.804492405181351,2.8002064307521053,0.40245612767990674,2.106685762672313,2.333585023880005
NLD,2014,-2.4320352829417,6.2157951644323495,4.496359280129911,10.8043237843598,2.7284935355438673,0.4058234134765042,2.104634734649114,2.333585023880005
NLD,2015,-2.4751248622343143,6.2202273653227085,4.501730047447441,10.825801463533422,2.6893848894869037,0.4562632615184046,2.1602068832214876,2.333585023880005
PRT,1990,-1.9451982211261436,4.69232178993963,3.8694286077957254,9.372319981342615,3.5967976840545366,-0.42992800777365386,-0.5162690890441008,-0.1483880877494812
PRT,1991,-2.010305669912962,4.690016972396332,3.880924418326115,9.450638145302394,3.5749245835476215,-0.5047342090474304,-0.5583642437814935,-0.1483880877494812
PRT,1992,-1.9815568444854825,4.689239479729211,3.894469846180557,9.484783543798114,2.4954849550749345,-0.5743463829424171,-0.6130245497665515,-0.1483880877494812
PRT,1993,-1.9983466986938716,4.690462645684041,3.90779407609811,9.486333474862551,0.9893555485334296,-0.6129463463345827,-0.7589999712974159,1.3114904165267944
PRT,1994,-2.003561637341028,4.693153540363545,3.9209629249976174,9.514373441741018,0.6479511013896999,-0.5590121725969913,-0.6739158415881709,1.5670140981674194
PRT,1995,-1.9657108645517412,4.696615579746564,3.933960606946047,9.573599116497094,0.6955205420191274,-0.5122521046728528,-0.5395676590699359,1.8225377798080444
PRT,1996,-2.0144799169097105,4.700375541619963,3.94681083091381,9.60877910827912,0.4760520073190345,-0.5073349723982786,-0.5388352526097454,2.07806134223938
PRT,1997,-2.0249142033334806,4.70484014766968,3.959440799757299,9.666712739299419,0.5314855428503917,-0.47312928498280193,-0.5451209352007298,2.333585023880005
PRT,1998,-2.008108439283014,4.709894040003505,3.9719132400012107,9.722369636180083,0.4351829790514193,-0.4489328047726549,-0.42515504056008496,2.333585023880005
PRT,1999,-2.0030892815751904,4.715550344427855,3.984213425968637,9.782344905650472,0.6462804278425058,-0.4570585030388966,-0.4512326483716594,2.333585023880005
PRT,2000,-2.0669670604980372,4.722578943961045,3.9963457713399984,9.846056683150735,0.3498588914539052,-0.3937391567857715,-0.47621042490856896,2.333585023880005
PRT,2001,-2.1003105496808843,4.729631250334288,4.008132865403035,9.879872950789807,0.4529501641790921,-0.4293692207982076,-0.5013076377225776,2.333585023880005
PRT,2002,-2.1061616572575694,4.735107929730895,4.019369547629028,9.921162786168367,0.5411090898164781,-0.4730761940706067,-0.49966014039475704,2.333585023880005
PRT,2003,-2.160526064293713,4.738862043879453,4.030463602621325,9.944069162247171,0.4559146437277455,-0.49202108445334464,-0.47609871116121444,2.333585023880005
PRT,2004,-2.1647408129017975,4.741253333775574,4.041418356412695,9.973870144683794,0.5786864967856323,-0.458793202871804,-0.46282865307123505,2.333585023880005
PRT,2005,-2.199613898421798,4.743436579055318,4.052167483322915,10.031233129954995,0.6687325364029078,-0.462916727792153,-0.5587838750114023,2.333585023880005
PRT,2006,-2.333467389054148,4.745239903470093,4.062802294212222,10.1126518464347,0.7375467792020844,-0.377649769697382,-0.45735440064099436,2.333585023880005
PRT,2007,-2.370259988456438,4.74720294731497,4.073274131602809,10.154494492187025,0.9803108583385954,-0.3574449891789229,-0.4209665787367541,2.333585023880005
PRT,2008,-2.434399069090607,4.7486448601135,4.083603752356037,10.191138523077772,1.3444013433128537,-0.3274526348905197,-0.4079189480130111,2.333585023880005
PRT,2009,-2.441896362506757,4.748287122959252,4.093744382150068,10.184309962111229,1.764429991519332,-0.48625182267609357,-0.5717668584199748,2.333585023880005
PRT,2010,-2.5074688717447353,4.748746223326433,4.103750190296196,10.213915191685563,1.6398876619100036,-0.38885440110645075,-0.5685748944465242,2.333585023880005
PRT,2011,-2.515313528335909,4.747275374540686,4.113607828402947,10.1950189026911,1.811372219815116,-0.3133480573010244,-0.5533645793032956,2.333585023880005
PRT,2012,-2.5623376599888497,4.743221156663204,4.123304479666321,10.182558264751504,1.8169732284108902,-0.27376813688065915,-0.6184855045589633,2.333585023880005
PRT,2013,-2.6082503451560197,4.737567112511495,4.132795748596354,10.237672878471379,1.8558991461477405,-0.24699532394205423,-0.5464682922098199,2.333585023880005
PRT,2014,-2.6481184931607,4.732170837024338,4.142118337026941,10.266130068288122,1.9621571768856483,-0.21962091463627295,-0.5022553867951092,2.333585023880005
PRT,2015,-2.633186697220484,4.728029426004398,4.151260354039114,10.297853262949582,2.2108333292011078,-0.21702612123705659,-0.5317130553063626,2.333585023880005
SWE,1990,-1.3075636984571608,3.0377332774046946,4.420044701861403,9.922710396702772,3.888756555601901,-0.5829802514275714,0.37956446213695233,1.0559668540954592
SWE,1991,-1.2981197598695853,3.0445497085807696,4.421295423594581,9.937626398386016,3.8010200487996966,-0.6715882131111842,0.23063374867768122,1.0559668540954592
SWE,1992,-1.3541749127711447,3.050415007868383,4.4231805740943315,9.942640841395,3.8187334943350226,-0.6778234147202866,0.15177845994020173,1.0559668540954592
SWE,1993,-1.3574885461536403,3.0562233960114016,4.42503823026713,9.939376464946797,3.915393906875342,-0.5424035458035081,0.18917915649778116,1.3114904165267944
SWE,1994,-1.3506218694339183,3.063330450627602,4.426892441951157,9.991848994152459,3.956271065417266,-0.44876467305651874,0.3783959913092245,1.5670140981674194
SWE,1995,-1.3974203892395543,3.0685774900431384,4.428719362665864,10.046021602999968,4.009428606227001,-0.37687098331867963,0.5478701350011117,1.8225377798080444
SWE,1996,-1.4113373472724273,3.0701689608489673,4.4297924648685445,10.081268434690234,4.028787764414381,-0.40738933333938715,0.5277596617559001,2.07806134223938
SWE,1997,-1.47519822059638,3.0707415828831968,4.430126084164366,10.118496730485363,4.048538615352065,-0.3283831001194936,0.5735883313764923,2.333585023880005
SWE,1998,-1.501135115095994,3.071296704105321,4.430459592195472,10.161509624686643,3.977510237472556,-0.29651575830239935,0.6612444418047033,2.333585023880005
SWE,1999,-1.5794638585801781,3.072075975614021,4.4307929890360525,10.220906503804137,4.032300817118664,-0.2890381139146931,0.650653290512046,2.333585023880005
SWE,2000,-1.7097752275779818,3.073681730459776,4.431126274760226,10.296521560940256,4.045203912631287,-0.20484288556228777,0.6997960028400116,2.333585023880005
SWE,2001,-1.6622082658266473,3.076366435739316,4.431661679925992,10.30696415781429,3.9236503416691253,-0.21581683194415277,0.6164641611612725,2.333585023880005
SWE,2002,-1.6733919399636923,3.079620816416354,4.432398880025965,10.339368881570806,3.7912991654354316,-0.2585291686835489,0.6171131122806907,2.333585023880005
SWE,2003,-1.7271077080258022,3.0833417458443457,4.433147414181596,10.36659606009064,3.728469531611168,-0.2844128400135581,0.6461582561744663,2.333585023880005
SWE,2004,-1.7552987715001067,3.0872747357579233,4.433883520214098,10.429041619456383,3.5811467821088123,-0.2409110936311379,0.6845559135241536,2.333585023880005
SWE,2005,-1.7911085195493215,3.0912741633859966,4.4346072251401845,10.441280225247622,3.489854485582143,-0.1773163713177399,0.7001161773797334,2.333585023880005
SWE,2006,-1.9192318266350052,3.096899002450814,4.435922788681409,10.537008171854128,3.4495122915215295,-0.12561522571446607,0.7539769477025914,2.333585023880005
SWE,2007,-2.0105474691175163,3.104314527597066,4.437792412579739,10.617971670754482,3.4649193337189206,-0.11471432409586993,0.780019563412502,2.333585023880005
SWE,2008,-2.0587507064512733,3.1121048605047683,4.439658547506598,10.649186757814512,3.432906363235373,-0.0772682636713362,0.7721980050443479,2.333585023880005
SWE,2009,-2.1110027880640128,3.1206239046341366,4.441497650165868,10.604558909964036,3.3494976862879646,-0.20445850860876597,0.5747482689214002,2.333585023880005
SWE,2010,-2.052098228658505,3.129149150921788,4.44330986309078,10.651410440749684,3.3024913551043573,-0.17140087880420118,0.6007599366836976,2.333585023880005
SWE,2011,-2.1350151074707875,3.1367006522584417,4.446139283890878,10.705681502049659,3.209816916882501,-0.15325576071891603,0.6191831354320768,2.333585023880005
SWE,2012,-2.1542933864140967,3.1514361517792406,4.4499189007168,10.723981489552129,3.242198445497029,-0.1592038297843273,0.548693870560104,2.333585023880005
SWE,2013,-2.197086180603917,3.159909638301701,4.453602833163104,10.743164858310328,3.257656338330398,-0.21299936206250966,0.47411031699936035,2.333585023880005
SWE,2014,-2.251366568956346,3.169905486848933,4.4572152726978445,10.761824312325693,3.219276936230443,-0.18713072198712008,0.49281163145954954,2.333585023880005
SWE,2015,-2.2644045324271733,3.1804800337041,4.460756943066564,10.801946393857072,3.209938738183081,-0.17764672675440524,0.4769287090128779,2.333585023880005
THA,1990,-1.7602630079052244,4.706870925077169,3.381810667861965,8.369080562319832,1.2325882101251178,-0.2773045805077429,-0.13016230347738356,-0.1483880877494812
THA,1991,-1.7932054822566388,4.718722283447892,3.3875378468761896,8.472604324668197,1.244674842248843,-0.24243933611467652,0.062327323560036556,-0.1483880877494812
THA,1992,-1.8300981651488115,4.728780408381656,3.393266011335875,8.562812345785224,1.2275459807858713,-0.24904299389448067,0.0728368189666806,-0.1483880877494812
THA,1993,-1.8790812721798311,4.737850767069685,3.398994958106955,8.656449351110908,1.4403005141957694,-0.25172157678791723,0.26842407328466455,-0.1483880877494812
THA,1994,-1.8765822685536886,4.747022097467227,3.404691270916411,8.745340501933152,1.6169633083755646,-0.20765225109108307,0.41502946093232346,-0.1483880877494812
THA,1995,-1.8859252479191144,4.757027120569095,3.410355319446921,8.834161434005313,1.7816083242996734,-0.10807335946191612,0.6286185650768152,-0.1483880877494812
THA,1996,-1.847358410262213,4.768112954483509,3.416053152894142,8.896200256147255,2.0255421384670362,-0.1710950347028138,0.5341502174585229,-0.1483880877494812
THA,1997,-1.818069741573603,4.779956623082775,3.4217187048829034,8.87353154269189,2.182101763761817,-0.05074827823609837,0.549164526126404,-0.1483880877494812
THA,1998,-1.8142582915881023,4.792020983016195,3.4273523391390066,8.793247896114469,2.108288215923741,0.0024018505744716895,0.3910140729422937,-0.1483880877494812
THA,1999,-1.8078909355489827,4.803539464269621,3.432986704151563,8.840772799468114,2.1172642550560283,0.007038061681577489,0.4709920237754636,-0.1483880877494812
THA,2000,-1.8500317274342932,4.813983705565921,3.446361933616529,8.896025633176665,2.0819776604379068,0.1930797736901819,0.7635031713942846,-0.1483880877494812
THA,2001,-1.8769160907744578,4.823257951453625,3.482715922834411,8.94231117038895,2.1272396129898867,0.18455211951767073,0.7165892508258541,-0.1483880877494812
THA,2002,-1.8516903324301226,4.831562961649334,3.518506230835823,9.009373743079403,1.9468381602775087,0.1394988035925463,0.726568311726136,-0.1483880877494812
THA,2003,-1.8595220735884905,4.839039017519307,3.5536609247886246,9.089724193341157,2.0730327165675693,0.1543748236040062,0.7373088635477819,-0.1483880877494812
THA,2004,-1.8695488506714188,4.845915920342231,3.5882023983603606,9.170408219550794,2.1122416535315014,0.24225475312414718,0.8500265192473392,-0.1483880877494812
THA,2005,-1.9134904947367233,4.85237074219588,3.621964778823429,9.235650825982725,2.2712791883803045,0.3210240021020536,0.9684099342835304,-0.1483880877494812
THA,2006,-1.9722759951305655,4.858411313041549,3.6551416821290776,9.307906993350349,2.252699765848673,0.29331825572290376,0.9458384469941796,-0.1483880877494812
THA,2007,-2.010205020915388,4.86401051114559,3.6876286722122837,9.381742015215298,2.3323268246971702,0.2613886116708743,0.9072022896741573,-1.2185401916503906
THA,2008,-2.019700127286324,4.869268740103534,3.7194571545780746,9.412858122636122,2.3157107038948164,0.3395888858271968,1.0311430250093407,-0.1483880877494812
THA,2009,-2.0240733540117573,4.874304140263562,3.7505153291473188,9.408487169949868,2.170104548971137,0.1762147720710328,0.8981013123559557,-1.2185401916503906
THA,2010,-2.0181368315170154,4.879200232835569,3.78091153956043,9.487621432134462,1.0587113137163386,0.24098757661093154,1.051528718305151,-1.2185401916503906
THA,2011,-2.0483598055873373,4.884000862869396,3.799928757889231,9.511860881581756,1.7598818409607724,0.3341510248680018,1.1569178168785965,-1.2185401916503906
THA,2012,-2.078664328487258,4.888693369738202,3.816502803570734,9.607166819677003,2.2970275290283113,0.31972520253053277,1.1774693513299803,-1.2185401916503906
THA,2013,-2.0459302739303427,4.893231441370743,3.832828271456598,9.642620682072684,2.385560115467558,0.28112769568377105,1.1286568553901652,-1.2185401916503906
THA,2014,-2.0620358487055195,4.8975398685910125,3.8489340997568577,9.647317800256218,2.4498843291827934,0.2693056948032979,1.0489224958072527,-1.2185401916503906
TUR,1990,-2.16483650169016,4.249379506122311,4.080972216281667,9.050001671048353,0.8230229086921397,-1.1730235290966522,-1.3531456127484152,-0.1483880877494812
TUR,1991,-2.2213486351165477,4.266276012308038,4.093944482200761,9.075444965765971,0.7872191397240824,-1.1882303143419126,-1.4057932703396134,-0.1483880877494812
TUR,1992,-2.270977902036155,4.282703939308441,4.102940841447458,9.139920600342382,0.8090539184589667,-1.1476754723020923,-1.3725332353089907,-0.1483880877494812
TUR,1993,-2.3126780499100787,4.2988045334825395,4.111775097284985,9.224560621027864,0.7719678891209817,-1.108144947162027,-1.1094773245146898,-0.1483880877494812
TUR,1994,-2.289714486699591,4.3147463152846495,4.120499519698952,9.173676673552894,0.8648878275466635,-0.8735700847534349,-1.0322539790268084,-0.1483880877494812
TUR,1995,-2.2888344493213175,4.33064060516649,4.129116290739629,9.247946457588194,1.0611035088579932,-0.8154812747016149,-0.7849740709835551,-0.1483880877494812
TUR,1996,-2.289560641110373,4.346531501538505,4.137611565271442,9.316147851968951,0.44144087621054384,-0.7058411109379163,-0.543898989774739,-1.2185401916503906
TUR,1997,-2.3280229304597104,4.362380228689323,4.145971967455073,9.389552374957091,0.929903091804522,-0.5983767177875237,-0.3117776263792896,-1.2185401916503906
TUR,1998,-2.0509245345630243,4.378109235829538,4.154231657230529,9.115581266742252,1.3983738557859928,-0.9094554474382307,-0.5464865124235667,-1.2185401916503906
TUR,1999,-2.0466927539651403,4.393604509085249,4.162361401989467,9.0776307411175,1.5786679073910295,-0.9834561951852163,-0.806848991580961,-1.2185401916503906
TUR,2000,-2.077080490551254,4.40878547911666,4.170394694779793,9.168061842668465,1.691664620448396,-0.8674863409126157,-0.5876227966058779,-1.2185401916503906
TUR,2001,-2.130847123124774,4.42372777695216,4.179604406172924,9.12861183428923,1.6101816042218569,-0.7052433780390976,-0.553384874715939,-1.2185401916503906
TUR,2002,-2.102755313194918,4.43846658732705,4.189260725017979,9.140970269463804,1.0372270216959463,-0.7452715799348588,-0.46898699117454024,-1.2185401916503906
TUR,2003,-2.0980417968387997,4.452853800275321,4.198734607125481,9.169937426077432,0.23623057632151812,-0.7852301936977789,-0.42519082126387403,-1.2185401916503906
TUR,2004,-2.1988938727331186,4.466701139515776,4.208045202154929,9.29285204687619,0.31366663884805235,-0.7314788852524253,-0.24676920755036977,-1.2185401916503906
TUR,2005,-2.260273390211673,4.479932522199016,4.2171519914836475,9.383273322587453,0.523360681183033,-0.7888403284077545,-0.2773130738974759,-1.2185401916503906
TUR,2006,-2.307819382127252,4.492421185287967,4.226103551734458,9.519233675393199,0.5832332649128616,-0.7308260219078713,-0.18960794551129126,-1.2185401916503906
TUR,2007,-2.3352103457636573,4.5043491278286485,4.234874325689215,9.60563695199479,1.0662588956823362,-0.7488800974715226,-0.16941746966681212,-1.2185401916503906
TUR,2008,-2.438206128317378,4.516302888718159,4.243497057624541,9.683701096932273,1.2249306518235896,-0.6950224888326034,-0.07371121191333126,-0.014185254462063313
TUR,2009,-2.4253074739463756,4.529041807720002,4.251932186127568,9.648698217667336,1.3430077190780425,-0.7779978176363377,-0.1825116493214454,-0.014185254462063313
TUR,2010,-2.4702701783749252,4.543042736623524,4.26021204571658,9.766458461390114,1.5350205664638747,-0.7787221300134086,-0.17122321590875172,-0.014185254462063313
TUR,2011,-2.5428289022111423,4.5583667447928,4.268325880157714,9.885918032286023,1.7228015295449879,-0.6412581831749604,0.014846614727743436,-0.014185254462063313
TUR,2012,-2.566387201188343,4.5746963241458936,4.2763049426886255,9.933864945597064,1.832621434542845,-0.6492200640993226,0.02729748449241564,-0.014185254462063313
TUR,2013,-2.671351059619765,4.591638349991782,4.284014056678593,10.010952547063754,1.8146072524883232,-0.6861651215989789,0.010095190465915099,-0.014185254462063313
TUR,2014,-2.7232431708832916,4.608658073854742,4.2915136797640745,10.084438087743292,1.8870096425926608,-0.6652576501207814,0.00982462671056157,-0.014185254462063313
TUR,2015,-2.7419907908445094,4.625318590673555,4.298794471089057,10.151346140932208,2.006599009474123,-0.7072488278585846,-0.05034324218479031,-0.014185254462063313
USA,1990,-1.1358536004585098,3.305219144563548,4.321480134805848,10.081156637046137,4.227834725156934,-1.618728406532685,1.4336640020615536,2.333585023880005
USA,1991,-1.1599336897506698,3.318581751970927,4.326791370395782,10.099969168513791,4.220018656942963,-1.620172920799239,1.4450289609321159,2.333585023880005
USA,1992,-1.197215432348753,3.332450608895719,4.332008842277177,10.143251842001403,4.269367474204642,-1.6119112434775578,1.4161783214560963,2.333585023880005
USA,1993,-1.2304297040999537,3.3456374088934933,4.337133865783145,10.180637875311893,4.260800550031109,-1.6072094621760573,1.531746899440762,2.333585023880005
USA,1994,-1.272543836748079,3.357900369782176,4.342180726126682,10.229001877665112,4.344535534687508,-1.5580103168824542,1.619915735328198,2.333585023880005
USA,1995,-1.3071130298970586,3.3698082406911953,4.3471375265593055,10.264334431386374,4.45059755228277,-1.493728952895906,1.6668806211345244,2.333585023880005
USA,1996,-1.3403119554930383,3.3814423568910157,4.352031237138481,10.307875838351713,4.365326719219769,-1.4833749395848905,1.6962079413185058,2.333585023880005
USA,1997,-1.390908249409119,3.3934819598611434,4.356811385532818,10.356444808230224,4.39283514513743,-1.4512245930868473,1.7932773218315041,2.333585023880005
USA,1998,-1.4374659980054354,3.4051391051254014,4.361530516968805,10.399818950218844,4.453269975354692,-1.4772747272041342,1.810247893543052,2.333585023880005
USA,1999,-1.4715541537118493,3.416622505598307,4.366176685243816,10.449107612845525,4.556419979449242,-1.4578559864733047,1.8723335088077186,2.333585023880005
USA,2000,-1.50625457316093,3.427427066980106,4.370169111284676,10.5005342324396,4.65269201696238,-1.3845504735803429,2.004114423367276,2.333585023880005
USA,2001,-1.5568200731127388,3.437324480802343,4.372405499629827,10.522267879981598,4.7411310654220165,-1.4765273073211456,1.8713639120403551,2.333585023880005
USA,2002,-1.5785300947664767,3.4466024556594452,4.374611711955394,10.545950756047585,4.755984408155074,-1.5071398512985525,1.8330622564095014,2.333585023880005
USA,2003,-1.6228272768697531,3.4551972727878533,4.376800502202283,10.5839669817452,4.771016529581395,-1.4926731474892596,1.7639522790961721,2.333585023880005
USA,2004,-1.6662798426406311,3.464452112477288,4.378984512107687,10.63856334071544,4.8032384149688,-1.4125395019185245,1.7980651375045749,2.333585023880005
USA,2005,-1.7267266104778376,3.4736692441489,4.381126229430717,10.69454942225735,4.884469640407841,-1.364298296443193,1.829853443995212,2.333585023880005
USA,2006,-1.7941991453068133,3.4833117833202616,4.383263369601876,10.742869841083268,4.961162169837,-1.3130383749302132,1.8650197114930203,2.333585023880005
USA,2007,-1.8219542478879887,3.4928223357479853,4.385383494111481,10.77845549109219,5.020122558329947,-1.2745454203611055,1.8419772486081725,2.333585023880005
USA,2008,-1.8658267067730445,3.5038648800151884,4.387486701343242,10.786894665135684,5.011029942886891,-1.2077533396131115,1.8582961898824195,2.333585023880005
USA,2009,-1.8982832119504987,3.5126313930032182,4.389573088429283,10.760027865378824,5.001792159311781,-1.4007355974074593,1.6816967734301123,2.333585023880005
USA,2010,-1.9121668892441792,3.5209098534202616,4.391630370816576,10.78864907472888,5.06565496951689,-1.2708980904399965,1.8108430851504125,2.333585023880005
USA,2011,-1.959491157250748,3.5281100303069177,4.393757557549581,10.81751208069915,5.0853348422455955,-1.1780031520189223,1.8682337144076573,2.333585023880005
USA,2012,-2.0161193191462314,3.5353827202788497,4.395917212350716,10.851482459001494,5.153084155461885,-1.1852104582997591,1.8748384060651762,2.333585023880005
USA,2013,-2.0399675445650702,3.542250451834525,4.398133716355116,10.880264879399432,5.1979083013767164,-1.2035393241452497,1.8465070027147683,2.333585023880005
USA,2014,-2.067654786156683,3.5495256287926984,4.400394409532059,10.915955825410915,5.2031331350576835,-1.2050116649422218,1.86183917331788,2.333585023880005
USA,2015,-2.122098752672818,3.5568320405744807,4.40269898169341,10.94768798424341,5.213988309665706,-1.282411150240405,1.8528725644058752,2.333585023880005
