year,NE.TRD.GNFS.ZS,NY.GDP.PCAP.KD,BG.GSR.NFSV.GD.ZS,BM.KLT.DINV.WD.GD.ZS,BN.CAB.XOKA.GD.ZS,BX.KLT.DINV.WD.GD.ZS,BX.TRF.PWKR.DT.GD.ZS,CM.MKT.LCAP.GD.ZS,CM.MKT.TRAD.GD.ZS,EG.EGY.PRIM.PP.KD,EG.GDP.PUSE.KO.PP,EG.GDP.PUSE.KO.PP.KD,EG.USE.COMM.GD.PP.KD,EN.ATM.CO2E.KD.GD,EN.ATM.CO2E.PP.GD,EN.ATM.CO2E.PP.GD.KD,ER.GDP.FWTL.M3.KD,FD.AST.PRVT.GD.ZS,FM.LBL.BMNY.GD.ZS,FS.AST.CGOV.GD.ZS,FS.AST.DOMO.GD.ZS,FS.AST.DOMS.GD.ZS,FS.AST.PRVT.GD.ZS,GB.XPD.RSDV.GD.ZS,GC.AST.TOTL.GD.ZS,GC.DOD.TOTL.GD.ZS,GC.LBL.TOTL.GD.ZS,GC.NFN.TOTL.GD.ZS,GC.NLD.TOTL.GD.ZS,GC.REV.XGRT.GD.ZS,GC.TAX.TOTL.GD.ZS,GC.XPN.TOTL.GD.ZS,MS.MIL.XPND.GD.ZS,NE.CON.GOVT.ZS,NE.CON.PRVT.ZS,NE.CON.TOTL.ZS,NE.DAB.TOTL.ZS,NE.EXP.GNFS.ZS,NE.GDI.FPRV.ZS,NE.GDI.FTOT.ZS,NE.GDI.TOTL.ZS,NE.IMP.GNFS.ZS,NE.RSB.GNFS.ZS,NV.AGR.TOTL.ZS,NV.IND.MANF.ZS,NV.IND.TOTL.ZS,NV.SRV.TOTL.ZS,NY.GDP.COAL.RT.ZS,NY.GDP.DEFL.KD.ZG,NY.GDP.DEFL.KD.ZG.AD,NY.GDP.DEFL.ZS,NY.GDP.DEFL.ZS.AD,NY.GDP.DISC.CN,NY.GDP.DISC.KN,NY.GDP.FRST.RT.ZS,NY.GDP.MINR.RT.ZS,NY.GDP.MKTP.CD,NY.GDP.MKTP.CN,NY.GDP.MKTP.CN.AD,NY.GDP.MKTP.KD,NY.GDP.MKTP.KD.ZG,NY.GDP.MKTP.KN,NY.GDP.MKTP.PP.CD,NY.GDP.MKTP.PP.KD,NY.GDP.NGAS.RT.ZS,NY.GDP.PCAP.CD,NY.GDP.PCAP.CN,NY.GDP.PCAP.KD.ZG,NY.GDP.PCAP.KN,NY.GDP.PCAP.PP.CD,NY.GDP.PCAP.PP.KD,NY.GDP.PETR.RT.ZS,NY.GDP.TOTL.RT.ZS,NY.GDS.TOTL.ZS,NY.GNS.ICTR.ZS,PA.NUS.PPP,PA.NUS.PPPC.RF,SE.XPD.PRIM.PC.ZS,SE.XPD.SECO.PC.ZS,SE.XPD.TERT.PC.ZS,SE.XPD.TOTL.GD.ZS,SH.XPD.CHEX.GD.ZS,SH.XPD.GHED.GD.ZS,SL.GDP.PCAP.EM.KD,TG.VAL.TOTL.GD.ZS
1986,50.2591117469432,24916.7056272992,10.8142972688245,2.82953970780042,-0.220092795315054,1.42482066983063,,78.6256952228919,18.7883783374075,,,,,0.402727372567551,,,,77.6106416839909,43.4692221266308,3.15004959652556,,54.8910460601836,77.6106416839909,,,,2.89828934637385,0.829370891835705,-1.66459100535935,33.9591188147527,24.5006836277848,34.9778582587354,4.52516505772451,20.3290528647782,67.0981348781778,87.521297601088,109.092145786976,24.827397681271,,21.5224721735464,21.5708481858883,25.4317140656721,-0.604316384401101,,,,,0.0280298864210627,4.3452857785355,,41.4666664783957,,0.0,0.0,0.0120701583309631,2.7753196913126e-05,601452653180.885,410311000000.0,,1412313658676.37,3.14052454418893,989495985200.0,,,0.191314405920271,10611.112210096,7238.90074972748,2.90191696468558,17457.1562281211,,,0.777277384962215,1.00871958883142,12.478702398912,16.8777433857354,,,,,,4.38084,,,,38.8098711952641
1987,49.6314896318796,26181.7390892334,10.3866743234372,3.88171437704432,-1.68950941079794,1.75464033712155,0.183732115890759,91.2165455508647,57.3097865165089,,,,,0.384533152680296,,,,82.7710460232693,74.0602897152194,2.60524382353909,,86.6792407311965,82.7710460232693,,,,0.389503580318665,0.875505795400963,-1.14153498623798,32.6095204675797,23.1587950829559,33.1374118627526,4.19144013246631,19.6199002774336,66.4621061265667,86.1271387496847,108.633889552926,24.3463175243714,,22.3633361113243,22.5067508032415,25.2851721075083,-0.938854583136864,,,,,0.0079168347685049,5.53268946038052,,43.7608883642171,,0.0,0.0,0.0104338450352491,7.89567979978049e-05,745162608269.325,455965000000.0,,1487176452833.59,5.30072011251248,1041946397900.0,,,0.0935170565239787,13118.586534629,8027.26310053951,5.07704943364693,18343.4646795318,,,1.02280595371477,1.1347526468405,13.8728612503153,17.1244308912795,,,,,,4.37181,,,,38.3357936683737
1988,47.1239507417853,27627.9291853015,9.60377375290586,4.57477536620858,-3.88147169402264,2.90410516796534,0.178702852438891,78.1792515323323,32.368990423143,,,,,0.362703404003857,,,,91.5754459408487,77.000259932652,1.59594739588525,,94.0352296690647,91.5754459408487,,,,-1.04657094109301,0.839797447969496,0.816931192113682,32.3035700674848,22.990749915473,30.9724412757416,3.76897459500343,18.8381539114001,66.9413015980972,85.7389558915788,110.939637911861,21.9255464155678,,24.2971250080618,25.2006820202826,25.1984043262174,-3.27285791064962,,,,,0.00694690796789467,6.10724560211857,,46.4334732942887,,0.0,0.0,0.00969047724074372,0.00080457320186246,910122732123.799,511671000000.0,,1572811786993.69,5.7582497353917,1101944273600.0,,,0.0745316506251034,15987.1680775688,8987.98589320919,5.52365941444593,19356.6951932383,,,0.580402472732092,0.672376081767696,14.2610441084212,17.3038467985101,,,,,,4.26831,,,,36.7538342020556
1989,48.4357315643799,28263.9508291385,9.57816258936935,3.38534461324581,-4.65090631621984,2.92466121996993,0.181747550887678,87.855646708278,34.2544741548281,,,,,0.360598229520373,,,,102.930035021323,83.5431553082724,2.95139379218799,,106.418045866637,102.930035021323,,,,-0.58674838308809,1.00774564351682,1.08965035162538,31.540373372497,22.7622715847149,29.6546233795577,3.61395698590674,18.4138555758748,66.3381302426074,84.6881498714943,110.523891691615,22.3908804756122,,25.4224386597283,25.8357418201203,26.0448510887678,-3.65397061315559,,,,,0.00748845801300678,7.94518065997671,,50.122696634222,53.6838636933591,0.0,0.0,0.0112653462723107,0.00161671306539571,926884816753.927,566512000000.0,566512000000.0,1613213353192.95,2.56874767428347,1130250441500.0,,,0.0772979277411358,16239.2821960944,9925.44927825291,2.30209669197825,19802.3050329582,,,0.729477625714153,0.827146070806003,15.3118501285057,17.0260150112026,,,,,,4.12511,,,,37.7690942469003
1990,48.0005577473756,28387.9244035205,9.6196086350861,2.55984960218268,-3.55031184555804,3.78380567982468,0.192015501781238,77.7416472133746,27.8315687398993,5.65787128053369,4.64223022788205,7.38152327812663,135.473392458608,0.342077903971235,0.581547665924444,0.36573455802931,135.203006959404,104.805960306851,84.9601980271995,4.21132646713434,,109.516740217616,104.805960306851,,-1.75157916621323,30.2033709452908,-0.842167839096403,1.22061548906644,-0.90941132711683,32.6096807883406,24.1512945995683,32.583043271347,3.56232123221255,18.6167212140211,66.6655186275832,85.3592494717163,108.323892001111,23.071900651807,,23.5026482727032,22.9646425293947,24.9286570955686,-1.85675644376154,1.39983535090868,16.6711420510563,27.8990652180622,67.7019318209504,0.0402224423039379,7.88026002682429,7.88026002682429,54.072495461455,54.072495461455,0.0,0.0,0.0099687228301221,0.000350185220245604,1093169389204.55,615673000000.0,615673000000.0,1625140143652.04,0.73931885298893,1138606596100.0,955939756230.106,1520021889633.54,0.113242364403035,19095.4669984608,10754.5670135331,0.438627901426258,19889.1634679583,16698.341764666,26551.7202705026,0.867139405185309,1.03092311994265,14.6407505282837,15.7488072682073,0.64405,1.1435546875,,,,4.05552,,,,37.3362997565266
1991,45.0737537617714,27992.3926765887,9.2122204615478,2.06043603838239,-1.66449946529553,2.03397301702108,0.182807324254822,86.6223568752064,29.2057196488705,5.92485084361223,4.59087455158358,7.06097941991116,141.623412352699,0.352624698666454,0.579860097442323,0.37701072422333,,102.333764425911,82.0672689616431,3.66269217829331,,106.449566798258,102.333764425911,,-1.57678026316196,29.1948960284953,0.757910137260288,1.27799915427661,-2.33469040042224,33.01500387366,24.8471370411411,34.7840781769414,3.68179040258285,19.4750528422788,67.3073517900631,86.9281533907643,106.518338277008,22.3459285981055,,20.677861940287,19.590184886244,22.727825163666,-0.381896565560539,1.37320668059744,16.2670131920502,27.1754999490714,67.9215809780143,0.0336930643172395,6.40270809687844,6.40270809687844,57.5345995065498,57.5345995065498,0.0,0.0,0.00737910703514782,1.77200152754151e-05,1142797178130.51,647966000000.0,647966000000.0,1607460266236.66,-1.08789863350766,1126219710500.0,977529225584.248,1503485592267.2,0.102547665878888,19900.7266505069,11283.7120108374,-1.39330977957196,19612.0458082842,17022.7423409092,26181.7725553291,0.383937347439091,0.527574904685642,13.0718466092357,15.0563565155753,0.662861,1.16906701940035,,,,4.12248,,,57117.43359375,34.5565256510372
1992,46.0606421738548,28020.3733255505,10.0664731831667,2.21681154574135,-1.96702595518055,1.95066544669245,0.172366638583156,80.9456098129937,27.8413128315753,5.87744270248762,4.72996040611152,7.11259229636729,140.595715082776,0.344782344122466,0.554314710061792,0.368626025767929,,101.677998125474,56.4625020456135,2.59636699049348,,104.909769849889,101.677998125474,,-2.37960634958418,30.3997500632281,3.72331404257851,1.19835755835577,-6.1029203921627,32.4523558028475,24.2803159914902,37.6406266271925,3.45634288944761,19.9548637844593,68.3756826993171,88.4957002395227,107.326008316349,22.670278858027,,19.30747734948,18.8303080768258,23.3903633158278,-0.720084457800854,1.36190365532529,16.0490693872086,26.769470015026,68.8837700135382,0.0158926382988401,3.35191878294611,3.35191878294611,59.4631125541027,59.4631125541027,0.0,0.0,0.00711453287738444,0.0,1179659529659.53,672170000000.0,672170000000.0,1613424360275.27,0.371025907382233,1130398277400.0,1003545861047.04,1509063913328.27,0.0688140676758137,20487.1707852878,11673.589913457,0.0999580467631205,19631.6496262044,17428.6011592458,26207.9433437834,0.408575146264127,0.500396385116165,11.5042997604773,14.0341858634853,0.669795,1.1754914004914,,,,4.33449,,,58445.33203125,34.8875238704494
1993,49.4823302116332,28659.4729677929,10.8050525635026,2.86622636165955,-1.66961487109581,1.85476418901582,0.166582858657349,108.375316778903,39.3068016695538,5.78463253690252,4.91453190159403,7.21905815649713,138.522225243469,0.329897756281377,0.518106116982013,0.352712083089051,,99.876224683285,56.1429859240901,2.49217926509112,,103.170965362693,99.876224683285,,-1.07257811550667,35.3135500060757,6.41328521732741,1.07314329960126,-7.48586333283409,30.5948280003504,22.9810917661155,37.368983262073,3.21123472943224,19.2615304196209,69.334711035502,88.6662635962099,107.041352626834,24.5575996631503,,18.4438380097607,18.3750890306245,24.9247305484829,-0.367130885332625,1.37400774867394,15.6848254428924,26.1770668075859,69.783447834921,0.0025939806050673,2.69645465925565,2.69645465925565,61.0665084231062,61.0665084231062,0.0,0.0,0.00817528919442559,0.0,1061388722255.55,707734000000.0,707734000000.0,1654185057671.47,2.52634696734366,1158956060000.0,1053282177363.19,1547188103737.92,0.101641350507603,18389.0195675099,12261.7982476156,2.28083914092478,20079.4159748881,18248.570164266,26805.7043735998,0.464620442510373,0.577031062817469,11.3337364037901,13.8808392650908,0.671932,1.00769646070786,,,,,,,60808.04296875,36.8101706573374
1994,51.6067788608635,29700.0389375727,11.3884500478469,3.83455868527424,-0.879081535567206,1.71516994974046,0.172634287156158,100.249024953167,41.5704631879398,5.60407068783096,5.17403018310067,7.44241305117567,134.365022892949,0.318127525528476,0.489245720064206,0.340127873199021,,100.030864363201,57.4022136458059,5.41280414817041,,106.262916065035,100.030864363201,,-2.18036597083183,40.4800884599488,4.02149233221864,0.96471263935931,-6.20185830305047,31.6075233898196,23.7970949924584,37.079774985373,3.02457340082341,18.9081477490486,69.3065525043076,88.2500931298611,107.625608443953,25.7897769177505,,18.8690915812753,19.3755153140919,25.817001943113,-0.027225025362455,1.4204102410641,16.4069126243297,26.7040443587996,69.7755828131123,0.00241967292163081,1.34585270471877,1.34585270471877,61.8883736783959,61.8883736783959,0.0,0.0,0.00855953157584113,0.0,1140489745944.29,745196000000.0,745196000000.0,1718614879651.65,3.8949585284536,1204096917900.0,1117513504110.47,1607450438735.68,0.0841045215242145,19709.2380983653,12878.0161734719,3.63079241181154,20808.4578864404,19312.176903805,27778.9638539291,0.485250941810643,0.58033466783233,11.7499068701389,16.0306657606945,0.666834,1.02056014692378,,,,4.85083,,,62819.4765625,38.5058262524222
1995,50.8377226928515,30679.5369882622,10.8433459208765,4.21210025963988,-1.00152954214672,2.17125804499354,0.104290453655492,99.1317731202994,37.3985632384181,5.47548291832077,5.50349062616232,7.69519683459358,129.951191827157,0.302313761754093,0.451939598384075,0.323220496728163,147.228864922092,97.5267066747279,60.5245823737123,4.94070541849671,,103.142577532282,97.5267066747279,,0.149030420084643,43.922334802073,4.97975679929237,1.55088089093608,-4.77426655155135,30.9431614209998,23.2775635702372,35.0640230920695,2.56359446024741,17.1434385446538,64.0352074075294,81.1786459521832,99.727463706917,25.5551294929672,,18.0323279563189,18.5488177547338,25.2825931998843,0.272536293082965,1.3586822276225,15.5408028116994,24.8005674212679,64.5094699598429,0.00904428351249771,10.1515155867401,10.1515155867401,68.1709815787382,68.1709815787382,0.0,0.0,0.00803473030788831,0.0,1341584345905.0,850162000000.0,850162000000.0,1779996976908.1,3.57160280544558,1247102477200.0,1190684737349.98,1664862183701.71,0.0779242852622979,23123.1777902009,14653.1577656503,3.29796891091074,21494.7143583752,20522.3137537802,28695.1054456048,0.476496987209195,0.571500286291879,18.8213540478168,14.9817984950182,0.714011,1.12673347009626,,,,4.83926,,,63757.90625,37.6571925233073
1996,52.1333267199048,31363.9651364533,11.5590203588847,2.94725271426293,-0.729752216249687,2.29006726114739,0.100430111663128,120.904182928536,41.5919407877696,5.56311124752267,5.63217688999292,7.56098013622689,132.257985338264,0.302265068137952,0.433841154223388,0.323168435668471,,100.512099818682,64.9439787488495,4.9358221869506,,105.977657633825,100.512099818682,1.58684,-0.699810966166802,43.6283473593131,2.93537026933188,1.27837574194402,-3.56022904507603,30.6946855590276,23.1348753644275,33.8570066520069,2.44702977091801,16.7127953309194,64.3654139730723,81.0782093039918,99.8319086905963,26.1507090146543,,18.5761288295885,18.7536993866045,25.9826177052505,0.168091309403744,1.18215035629846,15.3309194319065,24.9267838345761,64.7076589013993,0.0056368002995177,4.12017859987171,4.12017859987171,70.9797477730679,70.9797477730679,0.0,0.0,0.00761803878173553,1.71976188323428e-05,1415358814352.57,907245000000.0,907245000000.0,1824346191893.82,2.49153316331814,1278174449000.0,1271055363539.95,1706342777132.18,0.111148497556933,24332.6977665594,15597.2592683646,2.23089464633352,21974.2387902408,21851.8482323716,29335.2630167506,0.642358284304966,0.766778818561985,18.9217906960082,15.2844712404413,0.713773,1.11353042121685,,,,4.40572,,,64792.1640625,38.5668280343237
1997,50.6024982016938,32489.2077753022,11.5570596562401,4.79120611693807,-0.0899667494959537,3.29116489950359,0.105759790213639,132.658262621379,53.6785383090146,5.24372885145002,6.12648497491191,8.08031008786735,123.757626765031,0.278329989306301,0.392480092896828,0.297578108505373,,102.17917955234,77.6530135411143,4.01318932882488,,106.647904776406,102.17917955234,1.5445,-0.120132103309408,44.9699407215277,1.78906524832377,1.16110198102459,-1.82539890894008,31.1656699412466,23.6807258331277,32.7392534797881,2.2963729499775,16.1343505358165,65.5814173277958,81.7157678636123,99.5016197881937,25.5504392067501,,17.0197997448243,17.7858519245814,25.0520589949437,0.49838021180634,1.04359514221058,15.1496663288826,24.0521482539366,65.294948466058,0.00280575046652806,1.06846299380517,1.06846299380517,71.7381401111194,71.7381401111194,0.0,0.0,0.00615255036375875,1.70560177498872e-06,1559078258022.27,952285000000.0,952285000000.001,1894671635328.74,3.85482995208896,1327445900500.0,1343619575983.5,1772119389590.38,0.0975196555747595,26734.5626114537,16329.4708430759,3.5876925444642,22762.6069170211,23039.9477994598,30387.7220609015,0.450277269839589,0.556756931846411,18.2842321363877,16.0223687325483,0.708746,1.16035690897184,,,,,,,66351.8515625,37.7097170699948
1998,48.9562152364474,33575.408292517,12.1741493275585,9.57322692383034,-0.31954232095531,6.65491819711436,0.0843543445275402,139.237039072276,63.3083240110641,5.12296891678055,6.2414380573531,8.29225376789871,120.594476241337,0.270865028185818,0.384752837891093,0.289596902398779,,102.04662104792,89.687607263939,2.52806677010841,,105.64436647283,102.740135732165,1.55911,-0.250407979333062,46.2182875105131,-0.238966492501812,1.18931244693258,0.0567056145583887,32.4068070824811,24.9470580324256,32.0501137123209,2.24575228149042,16.138518267237,66.2662815368526,82.4047998040896,100.61733846929,24.1694383835789,,17.5071810384454,18.2125386652,24.7867768528685,-0.617338469289644,0.993100984168595,14.5812716911521,23.3864994469948,65.7136777956872,0.00218895141878572,0.950320268149056,0.950320268149056,72.4198821965885,72.4198821965885,0.0,0.0,0.00589757695962339,0.0,1650172242464.39,996374000000.0,996374000000.0,1963729638937.01,3.64485340470566,1375829357600.0,1382460716639.5,1836710543497.31,0.0395698438925101,28214.274355869,17035.7788560737,3.34326563062749,23523.6213307127,23637.002818098,31403.6643284942,0.109232247404108,0.156888619675027,17.5952001959104,17.195856181622,0.720725,1.19364855912554,12.48974,22.65895,27.90508,4.22681,,,67772.171875,36.0677500617238
1999,49.2357372070727,34610.8610527605,14.2847171177549,14.4047689279457,-2.46972278142087,7.72061575428947,0.32376283319165,175.631046139163,84.628284738112,4.98091612188099,6.4519575334593,8.55483814100162,116.892918780918,0.261410314387063,0.370581719614002,0.27948834077484,,105.2394914467,89.7126718088723,2.68710855272331,,108.74966703241,105.80272355468,1.64171,1.07770910605054,42.7043795936305,0.0438507497420403,1.16685306440771,0.914999745165599,32.9633586597057,25.4236261300463,31.744288584092,2.18494643885806,16.5775066809887,66.6094811860089,83.1869878669976,101.387645435916,23.9240458855784,,17.521451767541,18.2006575689183,25.3116913214943,-1.38764543591588,0.935867316863017,13.9616555965962,23.0547240047274,65.7140988815174,0.000195124558958502,0.908178935229301,0.908178935229301,73.0775843116158,73.0775843116158,0.0,0.0,0.00506863934194853,0.0,1682399288141.08,1039891000000.0,1039891000000.0,2031050676959.34,3.42822335047983,1422995860900.0,1432713941078.97,1899677083230.21,0.0335220699671749,28669.539690801,17720.6424828841,3.08396178304788,24249.0808225408,24414.6853180808,32372.1413348616,0.401310884154539,0.440096718022621,16.8130121330024,15.7318103258735,0.725819,1.1742743892574,12.32138,21.09702,22.71169,4.01767,,,69136.796875,35.4889593813198
2000,52.1319288715111,35672.9119698864,14.5564160851443,17.6163462403099,-2.25253078282047,9.90039152020314,0.30608749790148,155.444897746271,110.590255571071,4.81793687756031,6.97541784652657,8.81343683708274,113.463115296008,0.257886130540659,0.348372632346567,0.275720439350879,,114.476325034158,94.5673394173875,0.499064026774949,,115.973060764787,115.24436157134,1.62649,3.08291600153699,42.6074543810027,1.34121175447291,0.618810186820438,1.72865264577863,33.7456909180022,26.072900951124,32.251054395971,2.13899963372351,16.7806171855819,66.5016506168479,83.2822678024298,101.734128842122,25.1989000146945,,17.8189040123178,18.4518610396924,26.9330288568166,-1.73412884212217,0.856294568252117,13.4881454039653,23.1485208337326,65.6602330486624,0.00311846292832318,1.86066886475538,1.86066886475538,74.4373161700174,74.4373161700174,0.0,0.0,0.00498013018050887,0.0,1657816613708.58,1095651000000.0,1095651000000.0,2100867467607.3,3.43747162195275,1471910939800.0,1555186979960.65,1964977943874.99,0.194169294820064,28149.8700107891,18604.2490901305,3.06854809392598,24993.1755299154,26407.209920783,33365.4960607555,0.856768051777766,1.05903593970666,16.7177321975702,16.1892974832002,0.704514,1.06599182932365,12.72822,21.87505,20.67319,4.06533,5.97159191966057,4.87975031137466,70563.3515625,38.2118863305925
2001,52.2736268066371,36592.8090728001,15.0629222949689,4.71953208937045,-2.06156409111662,3.41966508067889,0.302125231489414,131.047452893823,115.466711546505,4.70568221609946,7.3335110609836,9.04267935094453,110.586692416064,0.252322115225283,0.332645362047139,0.269771640382536,,120.033190607286,98.9542589200854,1.02292363439783,,121.727122658689,120.495507157218,1.61903,-1.21301050743366,38.4757419838365,-1.63416789602968,1.08128363927725,0.595447568581782,33.4558162107419,25.5636128441156,32.6199078701758,2.17306229707918,17.4131335461206,66.4150897032767,83.8282232493973,102.200830379498,25.0363543338666,,17.8967756316703,18.3726071301007,27.2372724727705,-2.20091813890383,0.843367890062037,12.6126940470162,22.0619247919444,67.0009714966226,0.0128631822422203,0.996185042667335,0.996185042667335,75.1788495798661,75.1788495798661,0.0,0.0,0.00497772547816087,0.0,1640246149417.01,1139479000000.0,1139479000000.0,2163354906535.37,2.97436368031538,1515690924200.0,1640973686332.79,2023423534163.82,0.355921218859138,27744.5064592461,19274.1086372382,2.57869922054653,25637.6743524951,27756.812632113,34225.8918476057,0.600807683670693,0.974569810250212,16.1717767506027,16.3068035989552,0.694392,0.999556643155319,13.26629,21.94317,20.34455,4.14309,6.31098672747612,5.14633655548096,71995.40625,37.5858830834092
2002,50.7986302716023,37285.177876807,15.2471387993127,6.77521834685502,-2.05179780787895,5.03008655401354,0.293367759056364,104.019138542635,58.7049728075149,4.48998981896257,7.88649569840179,9.46139752680901,105.69263125944,0.23881133509599,0.306314201220525,0.255326512118321,140.281297220927,124.258924694335,99.4349912355189,1.89568125677704,,127.155361031949,124.956555554716,1.6254,-0.227616136724226,39.4416769345902,1.52124851230597,1.061732687945,-1.64513552399166,32.3852407313617,24.789665051516,33.8107392820937,2.23691751848759,18.1908968663725,65.9985167155075,84.1894135818801,102.575757957536,24.1114361570333,,17.8989434747661,18.3863443756557,26.687194114569,-2.57575795753573,0.905425075235112,12.3349468041771,21.7225586069556,67.3533786717801,0.00463395793373824,2.11297234696974,2.11297234696974,76.7673578822586,76.7673578822586,0.0,0.0,0.00539105263969513,0.0,1784473920863.31,1190601000000.0,1190601000000.0,2213638870146.23,2.32435110202924,1550920902900.0,1725816341173.86,2070455001378.87,0.252026476642338,30056.5862179301,20053.754324603,1.89208978908792,26122.7621710783,29068.5938574601,34873.4764524785,0.581832526603958,0.84388401381973,15.8105864181199,16.3345737245885,0.689877,1.03398830935252,14.41264,23.63757,25.48431,4.68009,6.56820684671402,5.3778950124979,73237.390625,36.1041981318679
2003,49.9157040225086,38331.6056825266,15.8378415428966,3.99805775473349,-1.77577552112122,1.75406289033498,0.27708281543458,118.158783004659,60.676805534349,4.41946228948578,8.10952376460347,9.60770855410544,104.083090610892,0.236183109935763,0.29916741062523,0.252516530075581,,129.198297539353,103.371282428106,1.19151568939,,131.303947437482,129.732781751352,1.5895,0.0877155312952793,39.3492032439637,3.1715168663527,1.11469501556295,-3.06869167871463,32.353989028799,24.4246004291142,35.191662014483,2.2967063866431,18.86114543919,65.4753895507979,84.3365349899879,102.202510747737,23.8566363996393,,17.4608779187482,17.8659757577493,26.0590676228693,-2.20243122323006,0.854172730410331,11.7315348070815,21.0584075694607,68.1118655336015,0.00452117746181195,2.25621773581899,2.25621773581899,78.4993966261178,78.4993966261178,0.0,0.0,0.00496989685647424,0.0,2053018775510.2,1257474000000.0,1257474000000.0,2286387401482.14,3.28637757120269,1601890019600.0,1805029785401.56,2138497970166.03,0.236743460809562,34419.1479145952,21081.7280976895,2.80655173264054,26855.9110054043,30261.5776899297,35852.2186100876,0.550517039927855,0.796751575055703,15.6634650100121,16.1037859707207,0.69665,1.13738775510204,16.29736,25.01142,24.79769,4.83572,6.83254450559616,5.5834174156189,74791.7578125,34.3410400533132
2004,49.9739419207834,39018.9510392376,16.2508015242762,5.3224381453888,-2.31405279579689,3.60207231412435,0.245695737451197,116.508390851948,67.0798920841009,4.2936071041826,8.6519911109075,9.87828289044987,101.232168696726,0.230378825880221,0.281221766013923,0.246310846402108,,136.925964754933,108.136104983759,1.77043438212052,,139.641534760266,137.393267925535,1.5423,0.595927061618267,42.7380526736801,3.17560115382751,1.46531245454986,-2.70041995927668,33.5537160032967,25.045601638629,35.7511544335095,2.2452991726422,19.4919735055995,65.4193381247879,84.9113116303874,102.548540747564,23.7127005866098,,17.292489819169,17.6372291171765,26.2612413341737,-2.54854074756387,0.804921946962719,11.0949847287536,20.2626563484753,68.8407487758763,0.0213530858490987,2.54808668445961,2.54808668445961,80.499629298929,80.499629298929,0.0,0.0,0.00373418046377487,5.93274372818388e-06,2416931526913.22,1320128000000.0,1320128000000.0,2340665128141.43,2.37395144077968,1639918110800.0,1917489146175.49,2189264873539.83,0.168216845035065,40290.3139710116,22006.5694909666,1.79315565959783,27337.4792935343,31964.5959660616,36495.1046971857,0.571802744057892,0.765112788149558,15.0886883696126,15.3133286546551,0.688467,1.26046686195533,15.87519,23.79821,24.37405,4.76009,7.03558847308159,5.85026629269123,75679.8671875,33.8497798092306
2005,52.3497537016374,39984.1674392449,16.900075491163,6.29896020955335,-1.93601928168373,9.95215612633774,0.238122413236932,120.463485748499,68.1418032205713,4.18819530567367,8.86191993179863,10.1449368422929,98.5713381507839,0.224662387923369,0.274974785869893,0.240199083890177,,142.870597031815,116.398500580832,1.52649121877225,,145.418162910718,143.377159497348,1.5612,0.88814946063595,44.1499304577755,3.44115839727733,2.07559547767845,-2.72002486617956,34.6429139266362,25.3778986072934,36.2511942498392,2.18420770288165,19.6990705262721,64.8691445948288,84.5682151211009,102.402537037859,24.973608331889,,17.395081481142,17.8343219167585,27.3761453697483,-2.40253703785933,0.571091347400295,10.6104532491474,20.2103598577357,69.2747268802542,0.0116897996637973,2.50858200335027,2.50858200335027,82.5190285122856,82.5190285122856,0.0,0.0,0.00365912270677156,7.02853815187015e-06,2538680000000.0,1396274000000.0,1396274000000.0,2415091934236.32,3.17972892405965,1692063061300.0,1973200267375.52,2258877561948.06,0.151378199166057,42030.2866138136,23116.6576375975,2.47371181002978,28013.7297473829,32668.2263161355,37397.8884121627,0.70301159921305,0.869745749287828,15.4317848788991,15.881769068653,0.707619,1.28658,17.01127,23.47328,29.03337,4.96651,7.17456564307213,5.9901911765337,77042.75,35.8506389147116
2006,56.2559537006339,40798.0653018924,17.8069696116393,5.24200690404896,-2.79494801350882,7.50387652239409,0.22499149895785,139.340721159681,101.82573244366,4.0120973786369,9.66069262092683,10.6032652337446,94.3105711264798,0.218115985509152,0.255952769281657,0.233199960106237,,152.971036454106,125.725885351303,0.18780641430095,,154.556407351435,153.799893282565,1.58285,0.630541390974309,43.6238366341836,3.09894143626481,1.56055604258663,-2.66013886826634,34.3013160687032,25.5441131503136,36.305895290805,2.13119635555446,19.8160853142842,64.0418516763248,83.857936990609,102.053802130688,27.1010757849732,,17.7302137128515,18.1958651400785,29.1548779156607,-2.0538021306875,0.586945894802644,10.2578236287589,20.2054615732482,69.3012448785462,0.00982053362009828,2.76729132467976,2.76729132467976,84.8025704295161,84.8025704295161,0.0,0.0,0.00367045791313545,1.21158308329751e-05,2713749770009.2,1474923000000.0,1474923000000.0,2482432535772.49,2.78832455947308,1739243271200.0,2115461460017.13,2321862399776.28,0.244676361887534,44599.6975685697,24239.9356285176,2.03555035598562,28583.9633229806,34767.0011352627,38159.1412628676,0.712906177360437,0.971085646612037,16.142063009391,15.4101982000899,0.697211,1.28281692732291,19.733,24.47537,26.05054,5.01231,7.30819627642632,6.17107376456261,78352.8671875,39.1921912533739
2007,52.4590259133152,41465.5454970381,18.0504206586202,11.9448348630642,-3.32449621140959,6.75662394763812,0.211434521377856,124.044108811534,127.30893244807,3.76939299228527,10.343907417957,11.2688847899094,88.7399257906551,0.207815032403917,0.242055106594067,0.222186636861773,299.854879660016,169.431179471694,138.568454034369,-0.344555919683628,,170.087577855765,169.792124380816,1.62165,0.626975631379366,44.653866478774,2.97563396030896,1.46449170581635,-2.45783222707655,34.5877362611553,25.6937414062656,36.4818259657083,2.139425291383,19.6442685961798,63.7885278364405,83.4327964326203,101.979454401508,25.2397534941132,,18.0457614137375,18.546657968888,27.219272419202,-1.97951892508877,0.565613706357057,9.7279621324011,19.6785306174068,69.7882529659877,0.0117276385016435,2.58471940922304,2.58471940922304,86.9944789269279,86.9944789269279,0.0,0.0,0.0042129993722948,6.47433402775735e-05,3100882352941.18,1549821000000.0,1549821000000.0,2542769379516.94,2.43055321242285,1781516504400.0,2183080160693.26,2378296500922.08,0.210690534971975,50566.8265956828,25273.2999325223,1.63605845082763,29051.6136705077,35600.0077931191,38783.447118262,0.677154555808919,0.90385047199511,16.5672035673797,15.228281499485,0.709924,1.42041616646659,20.91308,25.57833,22.14017,4.94507,7.40611702203751,6.18998855352402,79739.109375,34.8318277530115
2008,56.1301087908846,41024.8110611627,18.8736036246426,12.2044773760516,-3.92802191962679,8.67201407744004,0.205124298226272,63.9194540945488,93.5981649115591,3.72864940901435,10.9043441444494,11.4132786697189,87.6172420684992,0.20534948888658,0.229797592265149,0.219550586832974,,190.593176685026,159.120301447044,0.287999919493362,,192.515964529278,191.615988366791,1.62307,4.33345849599763,55.2461081644424,9.18744272550192,1.85762778384722,-4.81184403599905,35.4246819516067,26.251956845926,39.3001960462435,2.2594531192635,20.4469250552382,64.234674334924,84.6815993901622,102.151288326349,26.9894102322679,,17.4402536965441,17.4696889361865,29.1406985586167,-2.15128832634875,0.640090670601429,9.62016590657079,20.0358380332228,69.7905129216299,0.0444890856128261,2.87728398919074,2.87728398919074,89.4975571405723,89.4975571405723,0.0,0.0,0.00474742834010063,0.000117610749528936,2922667279411.76,1589931000000.0,1589931000000.0,2535620292133.23,-0.281153589519334,1776507706800.0,2265856338473.77,2371609834940.33,0.329807988117845,47286.9984928367,25724.1271801032,-1.06289313354608,28742.8260636195,36660.1925635403,38371.2205218896,0.94633249747439,1.32549461029469,15.3184006098378,13.5155179035859,0.701691,1.28987316176471,21.33528,26.49489,20.34569,4.91991,7.64548107981682,6.46684169769287,78717.4375,38.66163651127
2009,54.3518422190244,38986.144513023,19.600870463306,-2.00745434505447,-3.31318562243956,0.60338667381581,0.217469017664166,,,3.66894172656006,11.1278156689017,11.5922515228898,86.2645188491139,0.194290105522512,0.216396151527701,0.207726383516192,,192.123041778033,163.370095148702,13.2316446602389,,206.461833254783,192.592360313046,1.6825,3.74382173779032,68.9327025781826,13.7043855403625,2.02996582368537,-9.48730358634834,33.2593244992288,23.947199564735,41.6825680117708,2.4184351810712,22.0291516403533,64.6300667565715,86.6592183969247,101.605621225113,26.3730781880932,,15.9095946336272,14.9464028281886,27.9787640309312,-1.60568584283806,0.694446688115444,9.15219606568521,18.737072416438,71.6107841813225,0.0147710459276338,1.65328042296832,1.65328042296832,90.9772027318122,90.9772027318122,0.0,0.0,0.00532902768174927,0.000181406181258272,2410909799034.12,1547563000000.0,1547563000000.0,2427911661952.04,-4.24782174662953,1701044826100.0,2179887256172.46,2270868076626.53,0.292713622092037,38713.1374283353,24849.9629152485,-4.96935024295485,27314.4943667949,35003.497418398,36464.4201816603,0.57681191374999,0.889807015632668,13.3407816030753,11.6183804547319,0.709928,1.10597912447422,22.24086,28.43834,18.77949,5.10687,8.48158299922943,7.22403675317764,76498.5859375,36.2506718563315
2010,58.5464880734266,39435.8399018505,19.4110509593166,2.19806395705578,-3.18267264881482,2.69607936146661,0.200037011699432,,,3.74016795806459,11.2488559640635,11.4173359820415,87.5861060384764,0.199256222403447,0.216226686926475,0.21303593593535,,185.129678230656,164.12317366056,17.3930963720569,,203.402387558859,185.358714884636,1.66063,0.653650259968151,81.6963569500982,9.56772686895221,1.95308525294848,-9.04373295412338,34.2164156044564,25.1424066140342,42.2835122948799,2.36792473035643,21.6585399958924,64.249244815775,85.9077848116674,101.996283226389,28.2750712111101,,15.8051521698554,16.0884984147218,30.2714168623164,-1.99634565120633,0.621688753607374,9.55093459314937,18.8664652009736,70.5519040505591,0.0262365837173807,1.53346134923196,1.53346134923196,92.372302972317,92.372302972317,0.0,0.0,0.00634753663540928,0.000226463741821233,2475244321361.11,1601927000000.0,1601927000000.0,2475244321361.11,1.94952148180782,1734207060400.0,2280975766731.83,2315139137603.88,0.225267062232155,39435.8399018505,25522.0610592951,1.1534748933105,27629.5602015506,36340.7338744538,36885.028113447,0.74878394729205,1.00686159361882,14.0922151883326,12.9120792240974,0.702299,1.08516905679696,24.33356,31.19587,23.64564,5.74164,8.43394473195076,7.14795142412186,77561.53125,40.6850342533553
2011,62.3048541255971,39731.4214516479,20.192237752842,3.03964571358159,-1.75624020306475,1.01575406843406,0.19174159334866,,,3.40085679343243,12.5032437174516,12.5032437174516,79.9792455940243,0.178178815834406,0.190500905503858,0.190500905503858,,170.573869921628,151.403858172312,23.096549662687,,194.22053372736,170.654241825442,1.66488,0.991574807324327,95.2504060769353,8.19016209338083,1.74131091756518,-7.21015505632058,34.5481098745379,25.6227316325498,41.0169636531019,2.28739421092508,20.9691743021984,64.2794484101546,85.2486227123529,100.904816530344,30.7000187976267,,15.4129693984277,15.6561938179908,31.6048353279704,-0.904816530343707,0.640324283159736,9.46514727217517,18.6580904503237,69.9613323179402,0.0338296333329966,2.04014405047744,2.04014405047744,94.2568310156957,94.2568310156957,0.0,0.0,0.00630180355019382,0.00029897322225743,2659310054646.23,1659784000000.0,1659784000000.0,2513366731633.23,1.54014736820638,1760916404800.0,2350795692102.0,2350795692102.0,0.255160669949743,42038.5004790349,26237.9448222621,0.749525179463745,27836.6507122363,37161.4906866096,37161.4906866096,0.884157245979776,1.17974832603497,14.7513772876471,13.8975629668265,0.706052,1.13123827118654,24.67365,29.46259,31.421,5.6462,8.37611109018326,7.05818980932236,78587.015625,44.5027460386689
2012,61.1224180512883,40039.6468165335,20.1346791859528,0.444511638665825,-3.43184465546129,1.72838192510862,0.182806706255478,,,3.46520061199229,12.5907530492157,12.3074445750251,81.2516354556047,0.183715363686394,0.192000621999449,0.196420337475779,318.141139342301,160.763029695133,147.888476259537,27.8022930599267,,189.141115671458,160.887889461497,1.59382,1.1933510130402,99.2474541864522,8.49951615380527,1.63211220326095,-7.57048473971878,33.8900825254143,24.8560287469464,41.6234456039493,2.18544195437133,20.7774710466087,64.5556528244412,85.3331238710499,101.17215171688,29.9751039670716,,15.5014743146875,15.8390278458303,31.1473140842167,-1.17221011714509,0.660039793940505,9.36611768470982,18.6262972888845,70.0785074761099,0.0135671479151709,1.66179081780014,1.66179081780014,95.8231823786639,95.8231823786639,0.0,0.0,0.00555497899624845,0.000157575313857762,2704887678386.72,1712321000000.0,1712321000000.0,2550537514107.23,1.4789239471568,1786959019200.0,2440476088673.01,2385562172541.23,0.226694225294993,42462.7149069427,26880.8938105472,0.77577230721721,28052.5997397187,38311.8460772243,37449.7792403054,0.713261396793992,0.959235324314262,14.6668761289501,12.4082242351311,0.701634,1.10834426567051,,,,,8.2859180867672,7.00258389115334,78724.6328125,43.1815342771142
2013,61.1818356789624,40623.3894497926,20.7815285411214,1.6601051134686,-4.76890721804899,1.95523073173183,0.172450214248759,,,3.35283107405877,13.3785146402748,12.7173841282691,78.632523002677,0.175904680912982,0.178775607928503,0.188069501076007,,149.475256563992,145.084428632671,27.0700387462271,,176.983738241376,149.488050394224,1.63938,-0.931480622116829,95.1373344728072,4.15765814548942,1.59704036060645,-5.18060343110326,34.7273371045205,24.8204234421127,39.3126907501169,2.06502466578136,20.1240215946387,64.8520376699742,84.9760592646129,101.276633471914,29.952601103524,,15.6872559422572,16.3005742073016,31.2292345754384,-1.27663347191446,0.672181106767319,9.5817371440243,18.8170308325697,69.7628484004065,0.00506384306336449,1.89559598104464,1.89559598104464,97.6396027727429,97.6396027727429,0.0,0.0,0.00624067105790212,5.06428910923375e-05,2786022872706.81,1782109000000.0,1782109000000.0,2605105899522.32,2.13948570108317,1825190751900.0,2563270947920.74,2436600934113.19,0.199051115107873,43444.5648427389,27789.7754414725,1.4579115443597,28461.581829817,39971.0253628526,37995.763895187,0.572362275795656,0.782768547915887,15.0239407353871,11.5379757631292,0.695248,1.08690143543614,23.14708,22.60496,40.20748,5.58823,9.76576432585716,7.80516862869263,79257.7734375,43.0954825160314
2014,58.3983900870264,41369.7984773726,20.5259657795026,-3.71810256474522,-4.72066884876575,1.92213535385895,0.161093409218067,,,3.06887818214771,14.8582345597615,13.9344852994594,71.764401663174,0.157057581365908,0.157479346124806,0.167919016221647,,135.547820940684,135.342794735133,28.6678092179369,,164.642816634837,135.55222489264,1.65915,0.77047676539396,106.213063195636,5.92589330405958,1.74090369094139,-5.43920290617864,33.9160155620624,24.5995626123813,38.5955904625438,1.94880699671148,19.8295455766062,64.4545759209093,84.2841214975155,101.394280447957,28.5020548195346,,16.3648169352361,17.1101589504416,29.8963352674917,-1.3942804479571,0.666983894425456,9.37714155590548,18.3594849309654,70.1368554923726,0.00450645356470457,1.8258425023499,1.8258425023499,99.4223481392933,99.4223481392933,0.0,0.0,0.00616597775948843,0.0,3063803240208.01,1861964000000.0,1861964000000.0,2673033408186.23,2.6074759063105,1872782161000.0,2665874429446.03,2500134716403.13,0.131244253250156,47417.6350484639,28817.1016554522,1.83738737138741,28984.5313400552,41259.0009441734,38693.8932626594,0.462229903069981,0.60414658764433,15.7158785024845,12.3929385668508,0.698444,1.14926764980625,23.5778,22.87626,41.20273,5.66499,9.75668206810951,7.80866965651512,79634.078125,38.9864461374127
2015,56.6830960052084,42008.9852304102,20.7131803180232,-2.05481121772423,-4.9030135772796,1.54796224843591,0.170846440567422,,,3.01731446844954,15.3799547302806,14.2156364898233,70.3450739413521,,,,,130.792541692403,134.059698596064,27.5109343438559,,158.764794751515,130.83735372185,1.66818,-0.191664023504666,105.159904345358,4.04179465135302,1.66858295911724,-4.11795945111263,34.2292956947064,24.8155872827738,37.6917161911757,1.85961202401681,19.4937544864197,64.4731378228136,83.9668923092333,101.380252241123,27.6514218820426,,16.934825885181,17.4133599318899,29.0316741231658,-1.38025224112315,0.621473465435788,9.30040023037244,18.1416206200023,70.4084102632589,0.00352667873831386,0.581008064602756,0.581008064602756,100.0,100.0,0.0,0.0,0.00504102153133258,0.0,2928591002002.51,1916896000000.0,1916896000000.0,2735997359822.44,2.35552430595799,1916896000000.0,2768620597517.21,2559025997329.7,0.100748117331011,44966.1019252665,29432.3587203529,1.54505648217543,29432.3587203529,42509.8881664337,39291.7357687201,0.24258848615181,0.351904303752468,16.0331076907667,12.5102310914724,0.692365,1.0577798217021,24.97949,23.05669,35.35066,5.60939,9.68684554100037,7.74825811386108,80114.546875,37.0777619427743
2016,58.4982853740881,42510.1610585851,21.9154697285941,1.22141101986201,-5.26389390815618,12.0556451917926,0.170074316993682,,,,,,,,,,,131.906324245958,140.005933412479,30.6107455904071,,163.114069353774,132.091292366394,1.68211,1.41364554575618,114.972244759278,3.93088576727693,1.59124701387486,-2.57792740489877,34.6743313259623,25.1457920629583,36.6025400417644,1.81078016820308,19.1193192210993,65.0997078896846,84.2190271107839,101.619761470805,28.4392368950012,,17.2236340247129,17.4007343600208,30.059048479087,-1.61981158408583,0.604566622850955,9.09801606531565,17.5811421718795,70.9224201307055,0.00211957015100907,2.14028304115553,2.14028304115553,102.140283041156,102.140283041156,0.0,0.0,0.00573543637441055,9.77128827809659e-06,2694283209613.29,1995479000000.0,1995479000000.0,2788478032878.88,1.91815510596298,1953665038500.0,2856266246035.11,2608112085160.4,0.0693996381994484,41074.1672796521,30420.9438549695,1.19302055364112,29783.4928093081,43543.5878330358,39760.4942523233,0.215951848867501,0.293216264880647,15.7809728892161,12.1871392530109,0.698632,0.943288537388043,24.17334,21.18688,37.99046,5.48697,9.69904437661171,7.76824280619621,80397.7578125,38.8111760585883
2017,61.9451388664298,43010.706337795,22.8485779180519,5.17733160669324,-3.48923552866848,4.54779361465719,0.161609737530948,,,,,,,,,,,133.634025159449,146.045237965368,29.0066405459951,,164.761711220964,133.965642161602,1.66381,1.57245348793991,,2.94236477194453,,-1.42088472713037,35.3113217519997,25.4459331543149,36.0323353125768,1.77109384285715,18.6645344063501,65.013585677621,83.678120083971,101.20275121436,30.3661254439058,,17.2363608630151,17.5246311303892,31.579013422524,-1.21288797861819,0.653773024332579,8.9802077264348,17.5626198612036,70.9341800588608,0.00208200976853162,1.89018977325797,1.89018977325797,104.070928225576,104.070928225576,0.0,0.0,0.00591239510695744,2.3183281975458e-05,2666229179958.01,2071667000000.0,2071667000000.0,2841238185458.8,1.89207703836381,1990629886100.0,2997684813388.72,2657459575058.51,0.108844197795092,40361.4173832159,31360.9261704021,1.17747208372161,30134.1851226949,45378.9977418279,40228.6629724942,0.322695836807796,0.439557622760353,16.321879916029,14.045378788334,0.691089,0.889429458377239,,,,,9.63169410824776,7.64871090650558,80924.6015625,40.6799613534003
2018,61.7765075378058,43324.5929697405,22.8867953102608,1.97514575498512,-4.31148107322999,1.22804785839677,0.153741926378283,,,,,,,,,,,134.460523352574,148.857765206202,27.1700218382846,,162.25018432185,134.724040521839,,,,,,,,,,1.78220538089607,18.5016619336367,65.5100412189445,84.0117031525811,101.280300970248,30.0068495774848,,16.9689638448837,17.2685978176667,31.769657960321,-1.76280838283625,0.631132964969971,8.84422490910059,17.5092674876815,71.0353047594752,,1.89987433815344,1.89987433815344,106.048145084412,106.048145084412,0.0,0.0,,,2855296731521.96,2140278000000.0,2140278000000.0,2880608472043.74,1.38567356958762,2018213518300.0,3056736514973.21,2694283290012.57,,42943.9022698053,32189.9605906187,0.729787205725756,30354.10055027,45973.5735044198,40522.246607902,,,15.9882968474189,13.4305309896578,0.700184,0.934099722869634,,,,,,,80980.5,40.6003336606657
2019,,,,,,,,,,,,,,,,,,,,,,,,,,,,,,,,,,,,,,,,,,,,,,,,,,,,,,,,,,,,,,,,,,,,,,,,,,,,,,,,,,,,81369.578125,
