Country Code,Year,WIPO patents
ALB,1993,16.0
ALB,1994,8.0
ALB,1995,5.0
ALB,1996,5.0
ALB,1997,9.0
ALB,1998,21.0
ALB,1999,34.0
ALB,2000,62.0
ALB,2001,120.0
ALB,2002,238.0
ALB,2003,391.0
ALB,2004,416.0
ALB,2005,386.0
ALB,2006,426.0
ALB,2007,366.0
ALB,2008,378.0
ALB,2009,361.0
ALB,2010,341.0
ALB,2011,11.0
ALB,2013,4.0
ALB,2014,13.0
ALB,2015,19.0
ALB,2016,25.0
ALB,2017,24.0
ALB,2018,18.0
DZA,1980,354.0
DZA,1981,354.0
DZA,1982,334.0
DZA,1983,308.0
DZA,1984,375.0
DZA,1985,258.0
DZA,1986,235.0
DZA,1987,180.0
DZA,1988,206.0
DZA,1989,204.0
DZA,1990,235.0
DZA,1991,176.0
DZA,1992,174.0
DZA,1993,146.0
DZA,1994,145.0
DZA,1995,162.0
DZA,1996,200.0
DZA,1997,241.0
DZA,1998,309.0
DZA,1999,284.0
DZA,2000,159.0
DZA,2001,145.0
DZA,2002,334.0
DZA,2003,326.0
DZA,2004,392.0
DZA,2005,524.0
DZA,2006,669.0
DZA,2007,849.0
DZA,2010,806.0
DZA,2011,897.0
DZA,2012,900.0
DZA,2013,840.0
DZA,2014,813.0
DZA,2015,805.0
DZA,2016,672.0
DZA,2017,743.0
DZA,2018,673.0
AND,2016,3.0
AND,2017,6.0
AND,2018,11.0
AGO,1992,6.0
ATG,2011,8.0
ATG,2012,7.0
ATG,2013,7.0
ATG,2014,15.0
ATG,2015,10.0
ATG,2016,12.0
ATG,2017,8.0
ATG,2018,10.0
ARG,1980,4332.0
ARG,1981,4275.0
ARG,1982,3744.0
ARG,1983,3545.0
ARG,1984,3838.0
ARG,1990,2910.0
ARG,1991,2794.0
ARG,1992,2422.0
ARG,1993,3048.0
ARG,1994,3514.0
ARG,1995,4264.0
ARG,1996,5109.0
ARG,1997,5859.0
ARG,1998,6320.0
ARG,1999,6457.0
ARG,2000,6636.0
ARG,2001,5779.0
ARG,2002,4861.0
ARG,2003,4557.0
ARG,2004,4602.0
ARG,2005,5269.0
ARG,2006,5617.0
ARG,2007,5743.0
ARG,2008,5582.0
ARG,2009,4976.0
ARG,2010,4717.0
ARG,2011,4821.0
ARG,2012,4813.0
ARG,2013,4772.0
ARG,2014,4682.0
ARG,2015,4125.0
ARG,2016,3809.0
ARG,2017,3443.0
ARG,2018,3667.0
ARM,1993,214.0
ARM,1994,233.0
ARM,1995,285.0
ARM,1996,316.0
ARM,1997,183.0
ARM,1998,83.0
ARM,1999,125.0
ARM,2000,127.0
ARM,2001,155.0
ARM,2002,207.0
ARM,2003,157.0
ARM,2005,208.0
ARM,2006,193.0
ARM,2007,140.0
ARM,2008,230.0
ARM,2009,127.0
ARM,2010,142.0
ARM,2011,140.0
ARM,2012,141.0
ARM,2013,131.0
ARM,2014,123.0
ARM,2015,115.0
ARM,2016,126.0
ARM,2017,110.0
ARM,2018,105.0
ABW,2002,1.0
AUS,1980,15936.0
AUS,1981,16148.0
AUS,1982,16175.0
AUS,1983,16459.0
AUS,1984,17382.0
AUS,1995,14061.0
AUS,1996,15018.0
AUS,1997,17158.0
AUS,1998,17925.0
AUS,1999,19818.0
AUS,2000,22001.0
AUS,2001,22735.0
AUS,2002,22545.0
AUS,2003,21594.0
AUS,2004,22833.0
AUS,2005,23857.0
AUS,2006,26003.0
AUS,2007,26840.0
AUS,2008,26346.0
AUS,2009,23681.0
AUS,2010,24887.0
AUS,2011,25526.0
AUS,2012,26358.0
AUS,2013,29717.0
AUS,2014,25956.0
AUS,2015,28605.0
AUS,2016,28394.0
AUS,2017,28906.0
AUS,2018,29957.0
AUT,1980,6493.0
AUT,1981,5818.0
AUT,1982,4853.0
AUT,1983,4667.0
AUT,1984,4215.0
AUT,1985,3860.0
AUT,1986,3546.0
AUT,1987,3521.0
AUT,1988,3260.0
AUT,1989,3020.0
AUT,1990,2695.0
AUT,1991,2620.0
AUT,1992,2634.0
AUT,1993,2703.0
AUT,1994,2505.0
AUT,1995,2186.0
AUT,1996,2358.0
AUT,1997,2307.0
AUT,1998,2306.0
AUT,1999,2369.0
AUT,2000,2301.0
AUT,2001,2099.0
AUT,2002,2261.0
AUT,2003,2333.0
AUT,2004,2514.0
AUT,2005,2505.0
AUT,2006,2649.0
AUT,2007,2672.0
AUT,2008,2627.0
AUT,2009,2555.0
AUT,2010,2673.0
AUT,2011,2430.0
AUT,2012,2552.0
AUT,2013,2406.0
AUT,2014,2363.0
AUT,2015,2441.0
AUT,2016,2315.0
AUT,2017,2305.0
AUT,2018,2207.0
AZE,1995,251.0
AZE,1996,182.0
AZE,2001,213.0
AZE,2002,241.0
AZE,2003,264.0
AZE,2004,277.0
AZE,2005,287.0
AZE,2006,259.0
AZE,2007,295.0
AZE,2008,233.0
AZE,2009,281.0
AZE,2010,271.0
AZE,2011,205.0
AZE,2012,144.0
AZE,2013,156.0
AZE,2014,168.0
AZE,2015,184.0
AZE,2016,163.0
AZE,2017,226.0
AZE,2018,171.0
BHS,1980,34.0
BHS,1981,53.0
BHS,1982,53.0
BHS,1984,41.0
BHS,1985,45.0
BHS,1986,38.0
BHS,1988,36.0
BHS,1990,27.0
BHS,1991,28.0
BHS,1992,31.0
BHS,2012,86.0
BHS,2013,76.0
BHS,2014,114.0
BHS,2015,70.0
BHS,2016,37.0
BHS,2017,52.0
BHR,1980,47.0
BHR,1981,29.0
BHR,1982,41.0
BHR,1983,28.0
BHR,1984,65.0
BHR,1985,16.0
BHR,1986,20.0
BHR,1992,31.0
BHR,2001,40.0
BHR,2002,59.0
BHR,2003,38.0
BHR,2004,3.0
BHR,2011,140.0
BHR,2012,164.0
BHR,2013,170.0
BHR,2014,205.0
BHR,2015,193.0
BHR,2016,177.0
BHR,2017,245.0
BHR,2018,230.0
BGD,1980,136.0
BGD,1981,172.0
BGD,1982,144.0
BGD,1983,163.0
BGD,1984,166.0
BGD,1985,136.0
BGD,1986,93.0
BGD,1987,121.0
BGD,1988,133.0
BGD,1989,108.0
BGD,1990,108.0
BGD,1991,113.0
BGD,1992,161.0
BGD,1993,107.0
BGD,1994,128.0
BGD,1995,226.0
BGD,1996,153.0
BGD,1997,165.0
BGD,1998,216.0
BGD,1999,249.0
BGD,2000,318.0
BGD,2001,295.0
BGD,2002,289.0
BGD,2003,318.0
BGD,2004,316.0
BGD,2005,344.0
BGD,2006,310.0
BGD,2007,299.0
BGD,2008,338.0
BGD,2009,330.0
BGD,2010,342.0
BGD,2011,306.0
BGD,2012,354.0
BGD,2013,303.0
BGD,2014,293.0
BGD,2015,340.0
BGD,2016,344.0
BGD,2017,302.0
BGD,2018,368.0
BRB,1980,44.0
BRB,1981,38.0
BRB,1984,38.0
BRB,1999,68.0
BRB,2001,85.0
BRB,2002,93.0
BRB,2003,123.0
BRB,2004,80.0
BRB,2005,76.0
BRB,2006,44.0
BRB,2007,112.0
BRB,2008,85.0
BRB,2009,79.0
BRB,2010,88.0
BRB,2011,71.0
BRB,2012,36.0
BRB,2013,42.0
BRB,2014,39.0
BRB,2015,45.0
BRB,2016,41.0
BLR,1993,1494.0
BLR,1994,1688.0
BLR,1995,1039.0
BLR,1996,1059.0
BLR,1997,1166.0
BLR,1998,989.0
BLR,1999,1338.0
BLR,2000,1198.0
BLR,2001,1144.0
BLR,2002,1274.0
BLR,2003,1380.0
BLR,2004,1265.0
BLR,2005,1462.0
BLR,2006,1525.0
BLR,2007,1662.0
BLR,2008,1730.0
BLR,2009,1926.0
BLR,2010,1933.0
BLR,2011,1871.0
BLR,2012,1871.0
BLR,2013,1634.0
BLR,2014,757.0
BLR,2015,691.0
BLR,2016,521.0
BLR,2017,524.0
BLR,2018,547.0
BEL,1980,5969.0
BEL,1981,4724.0
BEL,1982,3858.0
BEL,1983,3066.0
BEL,1984,2835.0
BEL,1985,2247.0
BEL,1986,2128.0
BEL,1987,1437.0
BEL,1988,1412.0
BEL,1989,1344.0
BEL,1990,1256.0
BEL,1991,1199.0
BEL,1992,1174.0
BEL,1993,1488.0
BEL,1994,1190.0
BEL,1995,1087.0
BEL,1996,1086.0
BEL,1997,1061.0
BEL,1998,939.0
BEL,1999,840.0
BEL,2000,820.0
BEL,2001,835.0
BEL,2002,748.0
BEL,2003,707.0
BEL,2004,636.0
BEL,2005,622.0
BEL,2006,651.0
BEL,2007,617.0
BEL,2008,708.0
BEL,2009,817.0
BEL,2010,760.0
BEL,2011,763.0
BEL,2012,882.0
BEL,2013,876.0
BEL,2014,1026.0
BEL,2015,1097.0
BEL,2016,1173.0
BEL,2017,1217.0
BEL,2018,1110.0
BLZ,1988,6.0
BLZ,1989,7.0
BLZ,2004,16.0
BLZ,2005,33.0
BLZ,2006,42.0
BLZ,2007,48.0
BLZ,2008,54.0
BLZ,2011,49.0
BLZ,2012,51.0
BLZ,2013,32.0
BLZ,2014,36.0
BLZ,2015,26.0
BLZ,2016,37.0
BLZ,2018,24.0
BTN,2012,4.0
BTN,2013,7.0
BTN,2015,8.0
BTN,2016,5.0
BTN,2017,3.0
BOL,1980,125.0
BOL,1981,132.0
BOL,1982,107.0
BOL,1983,81.0
BOL,1984,58.0
BOL,1985,46.0
BOL,1993,88.0
BOL,1994,117.0
BOL,1995,123.0
BOL,2014,303.0
BOL,2016,253.0
BOL,2017,336.0
BIH,1999,128.0
BIH,2000,273.0
BIH,2001,361.0
BIH,2003,274.0
BIH,2004,396.0
BIH,2005,372.0
BIH,2006,217.0
BIH,2008,71.0
BIH,2010,65.0
BIH,2011,55.0
BIH,2012,16.0
BIH,2013,29.0
BIH,2014,43.0
BIH,2016,66.0
BIH,2017,99.0
BIH,2018,96.0
BWA,1980,18.0
BWA,1981,34.0
BWA,1982,29.0
BWA,2011,9.0
BWA,2012,14.0
BWA,2013,9.0
BWA,2014,9.0
BWA,2015,8.0
BWA,2016,7.0
BWA,2017,7.0
BWA,2018,3.0
BRA,1980,8377.0
BRA,1981,8284.0
BRA,1982,7678.0
BRA,1983,7202.0
BRA,1984,6719.0
BRA,1985,6519.0
BRA,1986,6268.0
BRA,1987,7153.0
BRA,1988,6884.0
BRA,1989,6980.0
BRA,1990,7537.0
BRA,1991,6944.0
BRA,1992,6474.0
BRA,1993,6650.0
BRA,1994,6497.0
BRA,1995,7448.0
BRA,1996,8057.0
BRA,1997,16235.0
BRA,1998,16037.0
BRA,1999,17509.0
BRA,2000,17283.0
BRA,2001,17849.0
BRA,2002,16685.0
BRA,2003,16411.0
BRA,2004,16713.0
BRA,2005,18498.0
BRA,2006,19842.0
BRA,2007,21663.0
BRA,2008,23170.0
BRA,2009,22406.0
BRA,2010,24999.0
BRA,2011,28649.0
BRA,2012,30435.0
BRA,2013,30884.0
BRA,2014,30342.0
BRA,2015,30219.0
BRA,2016,28010.0
BRA,2017,25658.0
BRA,2018,24857.0
BRN,1993,88.0
BRN,1994,41.0
BRN,1995,42.0
BRN,1996,21.0
BRN,1997,42.0
BRN,1998,32.0
BRN,1999,34.0
BRN,2000,21.0
BRN,2001,21.0
BRN,2002,21.0
BRN,2003,43.0
BRN,2004,31.0
BRN,2005,26.0
BRN,2006,41.0
BRN,2007,64.0
BRN,2008,75.0
BRN,2009,42.0
BRN,2012,31.0
BRN,2013,35.0
BRN,2014,117.0
BRN,2016,89.0
BRN,2017,107.0
BRN,2018,121.0
BGR,1980,4101.0
BGR,1981,4544.0
BGR,1982,4345.0
BGR,1983,4539.0
BGR,1984,4581.0
BGR,1985,250.0
BGR,1986,212.0
BGR,1987,314.0
BGR,1988,259.0
BGR,1989,330.0
BGR,1990,529.0
BGR,1991,748.0
BGR,1992,680.0
BGR,1993,564.0
BGR,1994,850.0
BGR,1995,731.0
BGR,1996,723.0
BGR,1997,932.0
BGR,1998,798.0
BGR,1999,898.0
BGR,2000,940.0
BGR,2001,1068.0
BGR,2002,1024.0
BGR,2003,958.0
BGR,2004,396.0
BGR,2005,313.0
BGR,2006,291.0
BGR,2007,239.0
BGR,2008,271.0
BGR,2009,266.0
BGR,2010,260.0
BGR,2011,283.0
BGR,2012,259.0
BGR,2013,297.0
BGR,2014,234.0
BGR,2015,291.0
BGR,2016,241.0
BGR,2017,225.0
BGR,2018,198.0
BFA,1998,2.0
BFA,1999,4.0
BFA,2000,2.0
BFA,2003,1.0
BFA,2004,2.0
BFA,2005,1.0
BFA,2010,2.0
BDI,1980,10.0
BDI,1981,5.0
BDI,1982,2.0
BDI,1983,2.0
BDI,1984,7.0
BDI,1986,2.0
BDI,1989,2.0
BDI,1990,3.0
BDI,1992,2.0
BDI,1993,1.0
BDI,1994,4.0
BDI,1995,1.0
BDI,1996,5.0
CPV,2016,3.0
CPV,2017,2.0
CPV,2018,3.0
KHM,2007,13.0
KHM,2008,39.0
KHM,2009,28.0
KHM,2010,26.0
KHM,2011,43.0
KHM,2012,53.0
KHM,2013,75.0
KHM,2014,67.0
KHM,2015,65.0
KHM,2016,80.0
KHM,2017,55.0
KHM,2018,159.0
CAN,1980,24347.0
CAN,1981,25431.0
CAN,1982,25883.0
CAN,1983,25707.0
CAN,1984,26735.0
CAN,1985,27574.0
CAN,1986,27757.0
CAN,1987,29125.0
CAN,1988,31641.0
CAN,1989,35091.0
CAN,1990,26924.0
CAN,1991,23279.0
CAN,1992,25757.0
CAN,1993,26930.0
CAN,1994,27163.0
CAN,1995,26592.0
CAN,1996,27570.0
CAN,1997,28582.0
CAN,1998,33972.0
CAN,1999,37250.0
CAN,2000,39622.0
CAN,2001,39716.0
CAN,2002,39741.0
CAN,2003,37228.0
CAN,2004,38201.0
CAN,2005,39888.0
CAN,2006,42038.0
CAN,2007,40131.0
CAN,2008,42089.0
CAN,2009,37477.0
CAN,2010,35449.0
CAN,2011,35111.0
CAN,2012,35242.0
CAN,2013,34741.0
CAN,2014,35481.0
CAN,2015,36964.0
CAN,2016,34745.0
CAN,2017,35022.0
CAN,2018,36161.0
CHL,1980,825.0
CHL,1981,836.0
CHL,1982,761.0
CHL,1983,743.0
CHL,1984,707.0
CHL,1985,672.0
CHL,1986,688.0
CHL,1987,729.0
CHL,1988,733.0
CHL,1989,817.0
CHL,1990,811.0
CHL,1991,989.0
CHL,1992,1127.0
CHL,1993,1334.0
CHL,1994,1637.0
CHL,1995,1706.0
CHL,1996,1947.0
CHL,1997,2572.0
CHL,1998,2775.0
CHL,1999,2812.0
CHL,2000,3120.0
CHL,2001,2750.0
CHL,2002,2538.0
CHL,2003,2405.0
CHL,2004,2867.0
CHL,2005,3007.0
CHL,2006,3215.0
CHL,2007,3806.0
CHL,2008,3952.0
CHL,2009,1717.0
CHL,2010,1076.0
CHL,2011,2792.0
CHL,2012,3019.0
CHL,2013,3072.0
CHL,2014,3105.0
CHL,2015,3274.0
CHL,2016,2907.0
CHL,2017,2894.0
CHL,2018,3100.0
CHN,1985,8558.0
CHN,1986,8009.0
CHN,1987,8059.0
CHN,1988,9652.0
CHN,1989,9659.0
CHN,1990,10137.0
CHN,1991,11423.0
CHN,1992,14409.0
CHN,1993,19618.0
CHN,1994,19067.0
CHN,1995,18699.0
CHN,1996,22742.0
CHN,1997,24774.0
CHN,1998,47396.0
CHN,1999,50044.0
CHN,2000,51906.0
CHN,2001,63450.0
CHN,2002,80232.0
CHN,2003,105317.0
CHN,2004,130384.0
CHN,2005,173327.0
CHN,2006,210501.0
CHN,2007,245161.0
CHN,2008,289838.0
CHN,2009,314604.0
CHN,2010,391177.0
CHN,2011,526412.0
CHN,2012,652777.0
CHN,2013,825136.0
CHN,2014,928177.0
CHN,2015,1101864.0
CHN,2016,1338503.0
CHN,2017,1381594.0
CHN,2018,1542002.0
HKG,1983,892.0
HKG,1984,830.0
HKG,1985,971.0
HKG,1986,1037.0
HKG,1987,1120.0
HKG,1988,1068.0
HKG,1989,901.0
HKG,1990,1081.0
HKG,1991,1092.0
HKG,1992,1259.0
HKG,1993,1195.0
HKG,1994,1640.0
HKG,1995,1961.0
HKG,1996,2100.0
HKG,1997,2385.0
HKG,1998,14667.0
HKG,1999,6040.0
HKG,2000,8295.0
HKG,2001,8914.0
HKG,2002,9130.0
HKG,2003,9102.0
HKG,2004,10005.0
HKG,2005,11763.0
HKG,2006,13790.0
HKG,2007,13766.0
HKG,2008,13662.0
HKG,2009,11857.0
HKG,2010,11702.0
HKG,2011,13493.0
HKG,2012,12988.0
HKG,2013,13916.0
HKG,2014,12542.0
HKG,2015,12212.0
HKG,2016,14092.0
HKG,2017,13299.0
HKG,2018,15986.0
MAC,1991,8.0
MAC,1992,3.0
MAC,2001,7.0
MAC,2002,12.0
MAC,2003,19.0
MAC,2004,22.0
MAC,2005,122.0
MAC,2006,131.0
MAC,2007,292.0
MAC,2008,211.0
MAC,2009,124.0
MAC,2010,62.0
MAC,2011,60.0
MAC,2012,58.0
MAC,2013,60.0
MAC,2014,106.0
MAC,2015,65.0
MAC,2016,51.0
MAC,2017,68.0
MAC,2018,55.0
COL,1980,378.0
COL,1981,643.0
COL,1983,609.0
COL,1984,540.0
COL,1985,513.0
COL,1986,485.0
COL,1987,584.0
COL,1988,505.0
COL,1989,606.0
COL,1991,612.0
COL,1992,695.0
COL,1993,907.0
COL,1994,991.0
COL,1995,1234.0
COL,1996,1259.0
COL,1997,1577.0
COL,1998,1831.0
COL,1999,1683.0
COL,2000,1769.0
COL,2001,497.0
COL,2002,912.0
COL,2003,1209.0
COL,2004,1441.0
COL,2005,1761.0
COL,2006,2003.0
COL,2007,1990.0
COL,2008,1944.0
COL,2009,1679.0
COL,2010,1872.0
COL,2011,1953.0
COL,2012,2061.0
COL,2013,2032.0
COL,2014,2158.0
COL,2015,2242.0
COL,2016,2203.0
COL,2017,2372.0
COL,2018,2223.0
COG,1986,86.0
COG,1988,74.0
COG,1994,21.0
COG,1995,15.0
COG,1996,27.0
CRI,1980,115.0
CRI,1981,132.0
CRI,1982,99.0
CRI,1983,90.0
CRI,1986,73.0
CRI,1987,45.0
CRI,1988,48.0
CRI,1989,41.0
CRI,1990,66.0
CRI,1993,120.0
CRI,2010,614.0
CRI,2011,644.0
CRI,2012,610.0
CRI,2013,603.0
CRI,2014,568.0
CRI,2015,601.0
CRI,2016,505.0
CRI,2017,523.0
CRI,2018,498.0
CIV,2012,27.0
HRV,1992,1489.0
HRV,1993,1249.0
HRV,1994,861.0
HRV,1995,600.0
HRV,1996,615.0
HRV,1997,712.0
HRV,1998,619.0
HRV,1999,390.0
HRV,2000,875.0
HRV,2001,961.0
HRV,2002,1031.0
HRV,2003,1086.0
HRV,2004,1224.0
HRV,2005,1012.0
HRV,2006,436.0
HRV,2007,437.0
HRV,2008,401.0
HRV,2009,318.0
HRV,2010,278.0
HRV,2011,251.0
HRV,2012,249.0
HRV,2013,253.0
HRV,2014,200.0
HRV,2015,186.0
HRV,2016,188.0
HRV,2017,159.0
HRV,2018,136.0
CUB,1980,199.0
CUB,1981,180.0
CUB,1982,222.0
CUB,1983,197.0
CUB,1984,242.0
CUB,1985,19.0
CUB,1986,21.0
CUB,1987,14.0
CUB,1988,19.0
CUB,1989,20.0
CUB,1990,26.0
CUB,1991,24.0
CUB,1992,20.0
CUB,1993,14.0
CUB,1994,152.0
CUB,1995,137.0
CUB,1996,123.0
CUB,1997,140.0
CUB,1999,237.0
CUB,2005,285.0
CUB,2006,257.0
CUB,2007,284.0
CUB,2008,258.0
CUB,2009,231.0
CUB,2011,246.0
CUB,2012,178.0
CUB,2013,170.0
CUB,2014,150.0
CUB,2016,195.0
CUB,2017,174.0
CUB,2018,155.0
CYP,1980,67.0
CYP,1981,34.0
CYP,1982,38.0
CYP,1983,48.0
CYP,1984,56.0
CYP,1985,43.0
CYP,1986,30.0
CYP,1990,43.0
CYP,1991,53.0
CYP,1992,57.0
CYP,1999,46.0
CYP,2000,70.0
CYP,2001,48.0
CYP,2002,69.0
CYP,2003,97.0
CYP,2004,94.0
CYP,2005,64.0
CYP,2006,34.0
CYP,2007,19.0
CYP,2008,21.0
CYP,2009,12.0
CYP,2010,8.0
CYP,2011,8.0
CYP,2012,12.0
CYP,2013,3.0
CYP,2014,4.0
CYP,2015,7.0
CYP,2016,4.0
CYP,2017,12.0
CYP,2018,4.0
CZE,1993,2933.0
CZE,1994,3349.0
CZE,1995,3519.0
CZE,1996,3861.0
CZE,1997,4240.0
CZE,1998,4395.0
CZE,1999,4800.0
CZE,2000,4939.0
CZE,2001,4752.0
CZE,2002,5557.0
CZE,2003,3579.0
CZE,2004,1252.0
CZE,2005,830.0
CZE,2006,836.0
CZE,2007,908.0
CZE,2008,854.0
CZE,2009,881.0
CZE,2010,982.0
CZE,2011,880.0
CZE,2012,1017.0
CZE,2013,1081.0
CZE,2014,972.0
CZE,2015,952.0
CZE,2016,839.0
CZE,2017,860.0
CZE,2018,732.0
PRK,1986,8.0
PRK,1987,32.0
PRK,1988,13.0
PRK,1989,13.0
PRK,1990,38.0
PRK,1991,8.0
PRK,1992,8.0
PRK,2005,5927.0
PRK,2006,6406.0
PRK,2007,6922.0
PRK,2009,8011.0
PRK,2010,8057.0
PRK,2011,7995.0
PRK,2012,8381.0
DNK,1980,5569.0
DNK,1981,5830.0
DNK,1982,5801.0
DNK,1983,6087.0
DNK,1984,6278.0
DNK,1985,6092.0
DNK,1986,6344.0
DNK,1987,5766.0
DNK,1988,7321.0
DNK,1989,5803.0
DNK,1990,3061.0
DNK,1991,1431.0
DNK,1992,1565.0
DNK,1993,1413.0
DNK,1994,1450.0
DNK,1995,1484.0
DNK,1996,1505.0
DNK,1997,1537.0
DNK,1998,1709.0
DNK,1999,1787.0
DNK,2000,1870.0
DNK,2001,1945.0
DNK,2002,1984.0
DNK,2003,1925.0
DNK,2004,2015.0
DNK,2005,1823.0
DNK,2006,1691.0
DNK,2007,1857.0
DNK,2008,1829.0
DNK,2009,1649.0
DNK,2010,1768.0
DNK,2011,1771.0
DNK,2012,1635.0
DNK,2013,1534.0
DNK,2014,1583.0
DNK,2015,1732.0
DNK,2016,1850.0
DNK,2017,1772.0
DNK,2018,1501.0
DJI,2013,3.0
DJI,2014,4.0
DMA,1995,2.0
DMA,2016,4.0
DMA,2017,3.0
DMA,2018,4.0
DOM,1983,91.0
DOM,1986,149.0
DOM,2000,68.0
DOM,2001,157.0
DOM,2002,183.0
DOM,2003,202.0
DOM,2004,205.0
DOM,2005,225.0
DOM,2006,295.0
DOM,2007,145.0
DOM,2008,53.0
DOM,2009,255.0
DOM,2010,343.0
DOM,2011,333.0
DOM,2012,284.0
DOM,2013,268.0
DOM,2014,260.0
DOM,2015,252.0
DOM,2016,270.0
DOM,2017,271.0
DOM,2018,228.0
ECU,1980,187.0
ECU,1981,194.0
ECU,1982,144.0
ECU,1983,136.0
ECU,1984,120.0
ECU,1986,131.0
ECU,1987,99.0
ECU,1988,121.0
ECU,1989,120.0
ECU,1991,88.0
ECU,1992,107.0
ECU,1993,121.0
ECU,1994,339.0
ECU,1995,278.0
ECU,1996,361.0
ECU,1997,310.0
ECU,1998,462.0
ECU,1999,490.0
ECU,2000,551.0
ECU,2001,263.0
ECU,2002,114.0
ECU,2003,422.0
ECU,2004,503.0
ECU,2005,591.0
ECU,2006,759.0
ECU,2007,798.0
ECU,2008,849.0
ECU,2009,674.0
ECU,2010,694.0
ECU,2013,482.0
ECU,2014,382.0
ECU,2015,495.0
ECU,2016,374.0
ECU,2017,417.0
ECU,2018,405.0
EGY,1980,807.0
EGY,1981,797.0
EGY,1982,766.0
EGY,1983,815.0
EGY,1984,832.0
EGY,1985,839.0
EGY,1986,809.0
EGY,1987,766.0
EGY,1988,664.0
EGY,1989,648.0
EGY,1990,789.0
EGY,1991,787.0
EGY,1992,818.0
EGY,1993,831.0
EGY,1994,836.0
EGY,1995,1101.0
EGY,1996,1210.0
EGY,1998,1633.0
EGY,1999,1682.0
EGY,2000,1615.0
EGY,2001,1387.0
EGY,2002,1415.0
EGY,2003,1119.0
EGY,2004,694.0
EGY,2005,1436.0
EGY,2006,1966.0
EGY,2007,2105.0
EGY,2008,2130.0
EGY,2009,1942.0
EGY,2010,2230.0
EGY,2011,2209.0
EGY,2012,2211.0
EGY,2013,2057.0
EGY,2014,2136.0
EGY,2015,2055.0
EGY,2016,2178.0
EGY,2017,2279.0
EGY,2018,2255.0
SLV,1980,91.0
SLV,1982,83.0
SLV,1983,123.0
SLV,1984,96.0
SLV,1985,56.0
SLV,1989,53.0
SLV,1990,54.0
SLV,1991,36.0
SLV,1992,108.0
SLV,1993,85.0
SLV,1994,86.0
SLV,1995,67.0
SLV,2012,217.0
SLV,2013,183.0
SLV,2014,187.0
SLV,2015,203.0
SLV,2016,175.0
SLV,2017,182.0
SLV,2018,139.0
EST,1994,468.0
EST,1995,79.0
EST,1996,210.0
EST,1997,375.0
EST,1998,463.0
EST,1999,617.0
EST,2000,804.0
EST,2001,717.0
EST,2002,719.0
EST,2003,602.0
EST,2004,124.0
EST,2005,38.0
EST,2006,45.0
EST,2007,63.0
EST,2008,72.0
EST,2009,96.0
EST,2010,97.0
EST,2011,77.0
EST,2012,25.0
EST,2013,42.0
EST,2014,50.0
EST,2015,36.0
EST,2016,30.0
EST,2017,41.0
EST,2018,30.0
SWZ,1984,35.0
SWZ,1985,30.0
SWZ,1989,27.0
SWZ,1992,47.0
SWZ,2011,6.0
SWZ,2012,3.0
SWZ,2014,2.0
SWZ,2015,2.0
ETH,1996,3.0
ETH,1998,11.0
ETH,1999,18.0
ETH,2000,12.0
ETH,2001,15.0
ETH,2002,13.0
ETH,2003,9.0
ETH,2004,4.0
ETH,2005,5.0
ETH,2006,10.0
ETH,2007,37.0
ETH,2011,38.0
ETH,2012,14.0
ETH,2013,25.0
ETH,2014,24.0
ETH,2015,50.0
ETH,2016,36.0
ETH,2017,53.0
ETH,2018,62.0
FJI,1980,13.0
FJI,1981,14.0
FJI,1985,18.0
FJI,1986,17.0
FIN,1980,4090.0
FIN,1981,4232.0
FIN,1982,4545.0
FIN,1983,4897.0
FIN,1984,5183.0
FIN,1985,5199.0
FIN,1986,5381.0
FIN,1987,5800.0
FIN,1988,6065.0
FIN,1989,6365.0
FIN,1990,6469.0
FIN,1991,4794.0
FIN,1992,6005.0
FIN,1993,4218.0
FIN,1994,4148.0
FIN,1995,3791.0
FIN,1996,2662.0
FIN,1997,2605.0
FIN,1998,2683.0
FIN,1999,2854.0
FIN,2000,2903.0
FIN,2001,2660.0
FIN,2002,2369.0
FIN,2003,2187.0
FIN,2004,2220.0
FIN,2005,2059.0
FIN,2006,2018.0
FIN,2007,2015.0
FIN,2008,1946.0
FIN,2009,1933.0
FIN,2010,1833.0
FIN,2011,1774.0
FIN,2012,1827.0
FIN,2013,1737.0
FIN,2014,1545.0
FIN,2015,1416.0
FIN,2016,1368.0
FIN,2017,1529.0
FIN,2018,1487.0
FRA,1980,27989.0
FRA,1981,24668.0
FRA,1982,22242.0
FRA,1983,21176.0
FRA,1984,20200.0
FRA,1985,19593.0
FRA,1986,18524.0
FRA,1987,18570.0
FRA,1988,17631.0
FRA,1989,17578.0
FRA,1990,16638.0
FRA,1991,16505.0
FRA,1992,16086.0
FRA,1993,16040.0
FRA,1994,16039.0
FRA,1995,15896.0
FRA,1996,16400.0
FRA,1997,16889.0
FRA,1998,16795.0
FRA,1999,16874.0
FRA,2000,17353.0
FRA,2001,17104.0
FRA,2002,16908.0
FRA,2003,16850.0
FRA,2004,17290.0
FRA,2005,17275.0
FRA,2006,17249.0
FRA,2007,17109.0
FRA,2008,16419.0
FRA,2009,15693.0
FRA,2010,16580.0
FRA,2011,16754.0
FRA,2012,16632.0
FRA,2013,16886.0
FRA,2014,16533.0
FRA,2015,16300.0
FRA,2016,16218.0
FRA,2017,16247.0
FRA,2018,16222.0
GMB,2015,2.0
GMB,2016,2.0
GMB,2017,4.0
GEO,1992,575.0
GEO,1993,680.0
GEO,1994,545.0
GEO,1995,707.0
GEO,1996,461.0
GEO,1997,468.0
GEO,1998,506.0
GEO,1999,455.0
GEO,2000,418.0
GEO,2001,475.0
GEO,2002,398.0
GEO,2003,366.0
GEO,2004,457.0
GEO,2005,475.0
GEO,2006,535.0
GEO,2007,564.0
GEO,2008,463.0
GEO,2009,474.0
GEO,2010,362.0
GEO,2011,398.0
GEO,2012,372.0
GEO,2013,333.0
GEO,2014,297.0
GEO,2015,271.0
GEO,2016,274.0
GEO,2017,232.0
GEO,2018,260.0
DEU,1980,48583.0
DEU,1981,46579.0
DEU,1982,47826.0
DEU,1983,47103.0
DEU,1984,45209.0
DEU,1985,44382.0
DEU,1986,43114.0
DEU,1987,41530.0
DEU,1988,41244.0
DEU,1989,40339.0
DEU,1990,39329.0
DEU,1991,40040.0
DEU,1992,41323.0
DEU,1993,41747.0
DEU,1994,43976.0
DEU,1995,46158.0
DEU,1996,51833.0
DEU,1997,55729.0
DEU,1998,57366.0
DEU,1999,59531.0
DEU,2000,62142.0
DEU,2001,60475.0
DEU,2002,58187.0
DEU,2003,58481.0
DEU,2004,59234.0
DEU,2005,60222.0
DEU,2006,60585.0
DEU,2007,60992.0
DEU,2008,62417.0
DEU,2009,59583.0
DEU,2010,59245.0
DEU,2011,59444.0
DEU,2012,61340.0
DEU,2013,63167.0
DEU,2014,65965.0
DEU,2015,66893.0
DEU,2016,67899.0
DEU,2017,67712.0
DEU,2018,67898.0
GHA,1980,17.0
GHA,1981,19.0
GHA,1982,18.0
GHA,1983,14.0
GHA,1986,15.0
GHA,1987,16.0
GHA,1989,12.0
GHA,1990,20.0
GHA,1991,12.0
GHA,1992,11.0
GHA,1994,39.0
GHA,2016,31.0
GHA,2017,26.0
GHA,2018,52.0
GRC,1980,2835.0
GRC,1981,3064.0
GRC,1982,3175.0
GRC,1983,3127.0
GRC,1984,3419.0
GRC,1985,3156.0
GRC,1986,2963.0
GRC,1987,2125.0
GRC,1988,662.0
GRC,1989,670.0
GRC,1990,707.0
GRC,1991,380.0
GRC,1992,433.0
GRC,1993,392.0
GRC,1994,406.0
GRC,1995,312.0
GRC,1996,304.0
GRC,1997,350.0
GRC,1998,310.0
GRC,1999,323.0
GRC,2000,340.0
GRC,2001,434.0
GRC,2002,412.0
GRC,2003,420.0
GRC,2004,407.0
GRC,2005,482.0
GRC,2006,562.0
GRC,2007,595.0
GRC,2008,658.0
GRC,2009,720.0
GRC,2010,744.0
GRC,2011,741.0
GRC,2012,656.0
GRC,2013,717.0
GRC,2014,670.0
GRC,2015,573.0
GRC,2016,646.0
GRC,2017,589.0
GRC,2018,579.0
GRD,1980,2.0
GRD,2012,26.0
GRD,2013,33.0
GRD,2014,17.0
GRD,2015,9.0
GRD,2016,17.0
GTM,1982,185.0
GTM,1984,115.0
GTM,1985,164.0
GTM,1986,131.0
GTM,1987,84.0
GTM,1988,98.0
GTM,1989,80.0
GTM,1990,124.0
GTM,1991,135.0
GTM,1992,106.0
GTM,1993,134.0
GTM,1994,120.0
GTM,1995,109.0
GTM,1996,164.0
GTM,1997,211.0
GTM,1998,244.0
GTM,1999,295.0
GTM,2000,304.0
GTM,2001,315.0
GTM,2002,301.0
GTM,2003,302.0
GTM,2004,275.0
GTM,2005,405.0
GTM,2006,528.0
GTM,2007,108.0
GTM,2008,311.0
GTM,2009,329.0
GTM,2010,381.0
GTM,2011,331.0
GTM,2012,344.0
GTM,2013,323.0
GTM,2014,298.0
GTM,2015,348.0
GTM,2016,269.0
GTM,2017,278.0
GTM,2018,234.0
GUY,1983,13.0
GUY,1984,5.0
GUY,1985,17.0
GUY,1986,17.0
GUY,1987,3.0
GUY,1990,6.0
GUY,2012,14.0
GUY,2013,16.0
GUY,2014,20.0
GUY,2015,13.0
GUY,2016,18.0
GUY,2017,23.0
GUY,2018,20.0
HTI,1980,17.0
HTI,1981,8.0
HTI,1982,26.0
HTI,1983,16.0
HTI,1984,13.0
HTI,1985,21.0
HTI,1986,24.0
HTI,1987,18.0
HTI,1988,5.0
HTI,1991,8.0
HTI,1996,9.0
HTI,1999,6.0
HTI,2010,10.0
HTI,2011,14.0
HTI,2012,17.0
HTI,2013,11.0
HTI,2014,21.0
HND,1980,46.0
HND,1982,246.0
HND,1983,40.0
HND,1984,23.0
HND,1985,28.0
HND,1987,43.0
HND,1988,27.0
HND,1990,23.0
HND,1991,19.0
HND,1992,30.0
HND,1995,47.0
HND,1996,136.0
HND,1998,11.0
HND,1999,156.0
HND,2000,139.0
HND,2001,162.0
HND,2002,168.0
HND,2005,275.0
HND,2006,233.0
HND,2007,127.0
HND,2008,330.0
HND,2009,256.0
HND,2010,307.0
HND,2011,255.0
HND,2012,241.0
HND,2013,217.0
HND,2014,220.0
HND,2015,228.0
HND,2016,195.0
HND,2017,193.0
HND,2018,156.0
HUN,1980,3172.0
HUN,1981,3652.0
HUN,1982,3903.0
HUN,1983,4290.0
HUN,1984,4475.0
HUN,1985,4435.0
HUN,1986,4453.0
HUN,1987,4859.0
HUN,1988,4891.0
HUN,1989,4323.0
HUN,1990,4453.0
HUN,1991,4009.0
HUN,1992,3130.0
HUN,1993,2462.0
HUN,1994,2490.0
HUN,1995,2889.0
HUN,1996,1653.0
HUN,1997,1625.0
HUN,1998,1594.0
HUN,1999,4508.0
HUN,2000,4937.0
HUN,2001,5448.0
HUN,2002,5906.0
HUN,2003,4810.0
HUN,2004,2657.0
HUN,2005,1202.0
HUN,2006,924.0
HUN,2007,791.0
HUN,2008,772.0
HUN,2009,787.0
HUN,2010,696.0
HUN,2011,698.0
HUN,2012,758.0
HUN,2013,708.0
HUN,2014,619.0
HUN,2015,633.0
HUN,2016,665.0
HUN,2017,532.0
HUN,2018,443.0
ISL,1980,77.0
ISL,1981,93.0
ISL,1982,80.0
ISL,1983,94.0
ISL,1984,98.0
ISL,1985,92.0
ISL,1986,121.0
ISL,1987,119.0
ISL,1988,126.0
ISL,1989,105.0
ISL,1990,130.0
ISL,1991,133.0
ISL,1992,149.0
ISL,1993,146.0
ISL,1994,130.0
ISL,1995,68.0
ISL,1996,91.0
ISL,1997,238.0
ISL,1998,295.0
ISL,1999,392.0
ISL,2000,876.0
ISL,2001,762.0
ISL,2002,450.0
ISL,2003,805.0
ISL,2004,529.0
ISL,2005,592.0
ISL,2006,371.0
ISL,2007,114.0
ISL,2008,81.0
ISL,2009,86.0
ISL,2010,76.0
ISL,2011,71.0
ISL,2012,44.0
ISL,2013,46.0
ISL,2014,64.0
ISL,2015,46.0
ISL,2016,38.0
ISL,2017,44.0
ISL,2018,66.0
IND,1980,3024.0
IND,1981,2901.0
IND,1982,3076.0
IND,1984,3294.0
IND,1985,3475.0
IND,1986,3496.0
IND,1987,3508.0
IND,1988,3537.0
IND,1989,3648.0
IND,1990,3820.0
IND,1991,3595.0
IND,1992,3424.0
IND,1993,3720.0
IND,1994,4800.0
IND,1995,6566.0
IND,1996,8562.0
IND,1997,10155.0
IND,1998,8954.0
IND,1999,4826.0
IND,2000,8538.0
IND,2001,10592.0
IND,2002,11465.0
IND,2003,12613.0
IND,2004,17466.0
IND,2005,24382.0
IND,2006,28928.0
IND,2007,35218.0
IND,2008,36812.0
IND,2009,34287.0
IND,2010,39762.0
IND,2011,42291.0
IND,2012,43955.0
IND,2013,43031.0
IND,2014,42854.0
IND,2015,45658.0
IND,2016,45057.0
IND,2017,46582.0
IND,2018,50055.0
IDN,1980,480.0
IDN,1982,652.0
IDN,1983,722.0
IDN,1984,585.0
IDN,1985,780.0
IDN,1986,623.0
IDN,1987,663.0
IDN,1989,774.0
IDN,1991,1314.0
IDN,1992,3972.0
IDN,1993,2069.0
IDN,1994,2334.0
IDN,1995,2874.0
IDN,1996,3997.0
IDN,1997,4018.0
IDN,1998,1846.0
IDN,1999,2936.0
IDN,2000,3890.0
IDN,2001,3926.0
IDN,2002,3843.0
IDN,2003,3300.0
IDN,2004,3668.0
IDN,2005,4304.0
IDN,2006,4612.0
IDN,2007,5134.0
IDN,2008,5133.0
IDN,2009,4518.0
IDN,2010,5630.0
IDN,2011,5830.0
IDN,2013,7450.0
IDN,2014,8023.0
IDN,2015,9153.0
IDN,2016,9639.0
IDN,2017,9303.0
IDN,2018,9754.0
IRN,1980,662.0
IRN,1981,607.0
IRN,1982,475.0
IRN,1983,493.0
IRN,1984,474.0
IRN,1985,406.0
IRN,1987,372.0
IRN,1988,340.0
IRN,1989,311.0
IRN,1990,355.0
IRN,1991,427.0
IRN,1992,400.0
IRN,1993,442.0
IRN,1994,397.0
IRN,1995,407.0
IRN,1996,515.0
IRN,1997,399.0
IRN,1998,496.0
IRN,1999,543.0
IRN,2000,616.0
IRN,2001,993.0
IRN,2002,1195.0
IRN,2003,1642.0
IRN,2004,2782.0
IRN,2005,4494.0
IRN,2006,6527.0
IRN,2007,11150.0
IRN,2008,15955.0
IRN,2009,12700.0
IRN,2010,11636.0
IRN,2011,12018.0
IRN,2012,11054.0
IRN,2013,11643.0
IRN,2014,13802.0
IRN,2015,14279.0
IRN,2016,15632.0
IRN,2017,16259.0
IRN,2018,12823.0
IRQ,1980,145.0
IRQ,1981,133.0
IRQ,1982,176.0
IRQ,1983,161.0
IRQ,1984,218.0
IRQ,1985,373.0
IRQ,1986,253.0
IRQ,1987,321.0
IRQ,1988,324.0
IRQ,1989,322.0
IRQ,1992,174.0
IRQ,1993,192.0
IRQ,1994,137.0
IRQ,1995,100.0
IRQ,1996,86.0
IRQ,2015,437.0
IRQ,2017,714.0
IRQ,2018,730.0
IRL,1980,2749.0
IRL,1981,3110.0
IRL,1982,3110.0
IRL,1983,3094.0
IRL,1984,3372.0
IRL,1985,3340.0
IRL,1986,3421.0
IRL,1987,3565.0
IRL,1988,3901.0
IRL,1989,4230.0
IRL,1990,4735.0
IRL,1991,4580.0
IRL,1992,2824.0
IRL,1993,484.0
IRL,1994,387.0
IRL,1995,362.0
IRL,1996,367.0
IRL,1997,338.0
IRL,1998,481.0
IRL,1999,524.0
IRL,2000,439.0
IRL,2001,521.0
IRL,2002,461.0
IRL,2003,440.0
IRL,2004,385.0
IRL,2005,406.0
IRL,2006,448.0
IRL,2007,444.0
IRL,2008,457.0
IRL,2009,415.0
IRL,2010,350.0
IRL,2011,230.0
IRL,2012,216.0
IRL,2013,135.0
IRL,2014,118.0
IRL,2015,203.0
IRL,2016,149.0
IRL,2017,137.0
IRL,2018,108.0
ISR,1980,2773.0
ISR,1981,2859.0
ISR,1982,2914.0
ISR,1983,2982.0
ISR,1984,3386.0
ISR,1985,3517.0
ISR,1986,3649.0
ISR,1987,3858.0
ISR,1988,3854.0
ISR,1989,4090.0
ISR,1990,3908.0
ISR,1991,3717.0
ISR,1992,3727.0
ISR,1993,3953.0
ISR,1994,3962.0
ISR,1995,4425.0
ISR,1996,3319.0
ISR,1997,2886.0
ISR,1998,5056.0
ISR,1999,5957.0
ISR,2000,6802.0
ISR,2001,6769.0
ISR,2002,6308.0
ISR,2003,5898.0
ISR,2004,6414.0
ISR,2005,6826.0
ISR,2006,7496.0
ISR,2007,8009.0
ISR,2008,7742.0
ISR,2009,6774.0
ISR,2010,7306.0
ISR,2011,6886.0
ISR,2012,6792.0
ISR,2013,6185.0
ISR,2014,6273.0
ISR,2015,6908.0
ISR,2016,6419.0
ISR,2017,6813.0
ISR,2018,7363.0
ITA,1980,16340.0
ITA,1981,14843.0
ITA,1982,13062.0
ITA,1983,12080.0
ITA,1984,11519.0
ITA,1985,9851.0
ITA,1986,9072.0
ITA,1987,10219.0
ITA,1988,10289.0
ITA,1989,10097.0
ITA,1990,9407.0
ITA,1991,9101.0
ITA,1992,8054.0
ITA,1993,7976.0
ITA,1994,8311.0
ITA,1995,8574.0
ITA,1996,8675.0
ITA,1997,9289.0
ITA,1998,9213.0
ITA,1999,7453.0
ITA,2000,9273.0
ITA,2001,9487.0
ITA,2002,9500.0
ITA,2003,9401.0
ITA,2004,9247.0
ITA,2005,9331.0
ITA,2006,10903.0
ITA,2007,10125.0
ITA,2008,9449.0
ITA,2009,9717.0
ITA,2010,9723.0
ITA,2011,9721.0
ITA,2012,9310.0
ITA,2013,9212.0
ITA,2014,9382.0
ITA,2015,9687.0
ITA,2016,9821.0
ITA,2017,9674.0
ITA,2018,9821.0
JAM,1983,108.0
JAM,1984,103.0
JAM,1987,104.0
JAM,1990,81.0
JAM,1991,43.0
JAM,1992,65.0
JAM,1993,73.0
JAM,1994,66.0
JAM,1995,61.0
JAM,1996,79.0
JAM,1997,70.0
JAM,2000,101.0
JAM,2001,76.0
JAM,2002,69.0
JAM,2003,50.0
JAM,2004,72.0
JAM,2005,69.0
JAM,2006,153.0
JAM,2007,163.0
JAM,2008,136.0
JAM,2009,127.0
JAM,2010,156.0
JAM,2011,113.0
JAM,2012,107.0
JAM,2013,119.0
JAM,2014,155.0
JAM,2015,70.0
JAM,2016,78.0
JAM,2017,68.0
JAM,2018,79.0
JPN,1980,191020.0
JPN,1981,218261.0
JPN,1982,237513.0
JPN,1983,252685.0
JPN,1984,282314.0
JPN,1985,299851.0
JPN,1986,316162.0
JPN,1987,336884.0
JPN,1988,335759.0
JPN,1989,345140.0
JPN,1990,360704.0
JPN,1991,361590.0
JPN,1992,362197.0
JPN,1993,355500.0
JPN,1994,341201.0
JPN,1995,368831.0
JPN,1996,376674.0
JPN,1997,401618.0
JPN,1998,402095.0
JPN,1999,404457.0
JPN,2000,419543.0
JPN,2001,440248.0
JPN,2002,421805.0
JPN,2003,413093.0
JPN,2004,423081.0
JPN,2005,427078.0
JPN,2006,408674.0
JPN,2007,396291.0
JPN,2008,391002.0
JPN,2009,348596.0
JPN,2010,344598.0
JPN,2011,342610.0
JPN,2012,342796.0
JPN,2013,328436.0
JPN,2014,325989.0
JPN,2015,318721.0
JPN,2016,318381.0
JPN,2017,318481.0
JPN,2018,313567.0
JOR,1980,68.0
JOR,1981,91.0
JOR,1982,24.0
JOR,1989,72.0
JOR,2000,198.0
JOR,2001,199.0
JOR,2002,138.0
JOR,2003,182.0
JOR,2004,183.0
JOR,2005,218.0
JOR,2006,503.0
JOR,2007,566.0
JOR,2008,585.0
JOR,2009,506.0
JOR,2010,474.0
JOR,2011,400.0
JOR,2012,394.0
JOR,2013,392.0
JOR,2014,379.0
JOR,2015,335.0
JOR,2016,278.0
JOR,2017,200.0
JOR,2018,133.0
KAZ,1992,445.0
KAZ,1993,4428.0
KAZ,1994,1576.0
KAZ,1995,1373.0
KAZ,1996,1347.0
KAZ,1997,1474.0
KAZ,1998,1403.0
KAZ,1999,1463.0
KAZ,2000,1515.0
KAZ,2001,1706.0
KAZ,2002,1697.0
KAZ,2003,1798.0
KAZ,2004,1867.0
KAZ,2005,1626.0
KAZ,2006,1557.0
KAZ,2007,1827.0
KAZ,2008,1672.0
KAZ,2009,1827.0
KAZ,2010,1964.0
KAZ,2011,1732.0
KAZ,2013,2202.0
KAZ,2014,2013.0
KAZ,2015,1503.0
KAZ,2016,1224.0
KAZ,2017,1228.0
KAZ,2018,982.0
KEN,1980,96.0
KEN,1981,75.0
KEN,1982,76.0
KEN,1983,100.0
KEN,1984,122.0
KEN,1985,98.0
KEN,1986,107.0
KEN,1987,108.0
KEN,1988,56.0
KEN,1989,65.0
KEN,1991,28.0
KEN,1993,51.0
KEN,1996,53.0
KEN,1997,62.0
KEN,1998,61.0
KEN,1999,55.0
KEN,2002,72.0
KEN,2003,95.0
KEN,2004,84.0
KEN,2005,93.0
KEN,2006,82.0
KEN,2007,132.0
KEN,2008,152.0
KEN,2009,171.0
KEN,2010,197.0
KEN,2011,257.0
KEN,2012,259.0
KEN,2013,241.0
KEN,2014,207.0
KEN,2015,193.0
KEN,2016,203.0
KEN,2017,178.0
KEN,2018,286.0
KIR,1985,1.0
KIR,1999,2.0
KWT,2015,228.0
KWT,2016,50.0
KWT,2018,257.0
KGZ,1994,391.0
KGZ,1995,148.0
KGZ,1996,268.0
KGZ,1997,207.0
KGZ,1998,123.0
KGZ,1999,62.0
KGZ,2000,84.0
KGZ,2001,98.0
KGZ,2002,128.0
KGZ,2003,180.0
KGZ,2004,149.0
KGZ,2005,131.0
KGZ,2006,127.0
KGZ,2007,158.0
KGZ,2008,138.0
KGZ,2009,149.0
KGZ,2010,140.0
KGZ,2011,129.0
KGZ,2012,111.0
KGZ,2013,114.0
KGZ,2014,139.0
KGZ,2015,126.0
KGZ,2016,89.0
KGZ,2017,146.0
LAO,2004,11.0
LAO,2005,7.0
LAO,2006,19.0
LAO,2007,23.0
LAO,2008,37.0
LAO,2009,18.0
LAO,2010,20.0
LAO,2011,43.0
LAO,2012,53.0
LAO,2013,70.0
LAO,2014,44.0
LAO,2015,62.0
LAO,2016,63.0
LAO,2017,100.0
LAO,2018,59.0
LVA,1992,143.0
LVA,1993,318.0
LVA,1994,266.0
LVA,1995,300.0
LVA,1996,469.0
LVA,1997,202.0
LVA,1998,285.0
LVA,1999,182.0
LVA,2000,179.0
LVA,2001,180.0
LVA,2002,214.0
LVA,2003,115.0
LVA,2004,151.0
LVA,2005,169.0
LVA,2006,151.0
LVA,2007,147.0
LVA,2008,215.0
LVA,2009,243.0
LVA,2010,185.0
LVA,2011,183.0
LVA,2012,205.0
LVA,2013,233.0
LVA,2014,107.0
LVA,2015,137.0
LVA,2016,113.0
LVA,2017,97.0
LVA,2018,110.0
LBN,2004,234.0
LBN,2005,246.0
LBN,2006,316.0
LBN,2007,371.0
LBN,2008,345.0
LBN,2009,376.0
LBN,2010,386.0
LBN,2011,282.0
LBN,2013,355.0
LBN,2014,341.0
LBN,2015,304.0
LSO,1989,14.0
LSO,1995,10.0
LSO,1996,1.0
LBR,1991,17.0
LBR,1993,35.0
LBY,1989,27.0
LBY,1990,57.0
LBY,1991,47.0
LBY,1993,36.0
LBY,1994,31.0
LBY,1995,43.0
LBY,1996,35.0
LTU,1991,29.0
LTU,1992,251.0
LTU,1993,1449.0
LTU,1994,292.0
LTU,1995,133.0
LTU,1996,178.0
LTU,1997,202.0
LTU,1998,205.0
LTU,1999,157.0
LTU,2000,127.0
LTU,2001,123.0
LTU,2002,131.0
LTU,2003,113.0
LTU,2004,114.0
LTU,2005,115.0
LTU,2006,99.0
LTU,2007,82.0
LTU,2008,105.0
LTU,2009,107.0
LTU,2010,114.0
LTU,2011,108.0
LTU,2012,124.0
LTU,2013,137.0
LTU,2014,165.0
LTU,2015,119.0
LTU,2016,153.0
LTU,2017,127.0
LTU,2018,105.0
LUX,1980,994.0
LUX,1981,817.0
LUX,1982,710.0
LUX,1984,554.0
LUX,1985,520.0
LUX,1986,487.0
LUX,1987,369.0
LUX,1988,316.0
LUX,1989,227.0
LUX,1990,206.0
LUX,1991,171.0
LUX,1993,239.0
LUX,1994,124.0
LUX,1995,104.0
LUX,1996,129.0
LUX,1997,150.0
LUX,1998,112.0
LUX,1999,110.0
LUX,2000,176.0
LUX,2001,121.0
LUX,2002,83.0
LUX,2003,24.0
LUX,2004,41.0
LUX,2005,88.0
LUX,2006,52.0
LUX,2007,40.0
LUX,2008,71.0
LUX,2009,84.0
LUX,2010,100.0
LUX,2011,128.0
LUX,2012,161.0
LUX,2013,169.0
LUX,2014,218.0
LUX,2015,247.0
LUX,2016,444.0
LUX,2017,668.0
LUX,2018,395.0
MDG,1994,29.0
MDG,1995,38.0
MDG,1996,30.0
MDG,1997,45.0
MDG,1998,44.0
MDG,1999,47.0
MDG,2000,55.0
MDG,2001,38.0
MDG,2002,29.0
MDG,2003,23.0
MDG,2004,38.0
MDG,2005,42.0
MDG,2006,44.0
MDG,2007,76.0
MDG,2008,77.0
MDG,2009,44.0
MDG,2010,43.0
MDG,2011,61.0
MDG,2012,44.0
MDG,2013,51.0
MDG,2014,34.0
MDG,2015,19.0
MDG,2016,36.0
MDG,2017,51.0
MDG,2018,46.0
MWI,1980,53.0
MWI,1981,48.0
MWI,1982,52.0
MWI,1983,38.0
MWI,1984,26.0
MWI,1985,35.0
MWI,1986,39.0
MWI,1987,53.0
MWI,1988,34.0
MWI,1989,35.0
MWI,1990,33.0
MWI,1991,22.0
MWI,1992,14.0
MWI,1993,18.0
MWI,1994,13.0
MWI,1995,34.0
MWI,1996,32.0
MWI,1997,28.0
MWI,1998,20.0
MWI,1999,1.0
MWI,2000,20.0
MWI,2005,1.0
MWI,2010,1.0
MWI,2011,3.0
MWI,2012,4.0
MWI,2013,4.0
MWI,2014,5.0
MWI,2015,6.0
MWI,2016,4.0
MYS,1985,1337.0
MYS,1986,262.0
MYS,1987,3266.0
MYS,1988,1620.0
MYS,1989,1887.0
MYS,1990,2305.0
MYS,1991,2427.0
MYS,1992,2411.0
MYS,1993,2882.0
MYS,1994,3587.0
MYS,1995,4052.0
MYS,1996,5575.0
MYS,1997,6451.0
MYS,1998,5963.0
MYS,1999,5842.0
MYS,2000,6227.0
MYS,2001,5934.0
MYS,2002,4937.0
MYS,2003,5062.0
MYS,2004,5442.0
MYS,2005,6286.0
MYS,2006,4800.0
MYS,2007,2372.0
MYS,2008,5303.0
MYS,2009,5737.0
MYS,2010,6383.0
MYS,2011,6452.0
MYS,2012,6940.0
MYS,2013,7205.0
MYS,2014,7620.0
MYS,2015,7727.0
MYS,2016,7236.0
MYS,2017,7072.0
MYS,2018,7295.0
MLI,1980,7.0
MLI,1981,8.0
MLI,1982,2.0
MLI,1985,1.0
MLI,1988,1.0
MLI,1990,3.0
MLI,1991,1.0
MLI,1993,11.0
MLI,1994,2.0
MLI,1995,8.0
MLI,1996,3.0
MLI,1997,5.0
MLI,1998,5.0
MLI,1999,4.0
MLI,2001,4.0
MLI,2002,4.0
MLI,2005,4.0
MLI,2006,1.0
MLI,2007,3.0
MLI,2008,1.0
MLI,2009,8.0
MLI,2010,1.0
MLT,1980,24.0
MLT,1981,23.0
MLT,1982,18.0
MLT,1983,20.0
MLT,1984,15.0
MLT,1985,20.0
MLT,1986,17.0
MLT,1987,22.0
MLT,1988,17.0
MLT,1989,15.0
MLT,1990,19.0
MLT,1991,27.0
MLT,1992,25.0
MLT,1993,24.0
MLT,1994,42.0
MLT,1995,24.0
MLT,1996,24.0
MLT,1997,46.0
MLT,1998,34.0
MLT,1999,83.0
MLT,2000,116.0
MLT,2001,133.0
MLT,2002,202.0
MLT,2004,471.0
MLT,2006,805.0
MLT,2007,39.0
MLT,2008,48.0
MLT,2009,29.0
MLT,2010,19.0
MLT,2011,15.0
MLT,2012,17.0
MLT,2013,17.0
MLT,2014,13.0
MLT,2015,11.0
MLT,2016,4.0
MUS,1980,10.0
MUS,1981,21.0
MUS,1982,8.0
MUS,1985,9.0
MUS,1986,21.0
MUS,1987,5.0
MUS,1988,17.0
MUS,1989,11.0
MUS,1990,4.0
MUS,1991,10.0
MUS,1992,12.0
MUS,1993,6.0
MUS,1994,17.0
MUS,1995,7.0
MUS,1996,22.0
MUS,1997,15.0
MUS,1998,15.0
MUS,2007,21.0
MUS,2008,24.0
MUS,2009,20.0
MUS,2010,16.0
MUS,2011,20.0
MUS,2012,18.0
MUS,2013,20.0
MUS,2014,21.0
MUS,2015,21.0
MUS,2016,38.0
MUS,2017,19.0
MUS,2018,29.0
MEX,1980,5472.0
MEX,1981,5997.0
MEX,1982,5313.0
MEX,1983,4591.0
MEX,1984,4459.0
MEX,1985,3681.0
MEX,1986,3700.0
MEX,1987,4251.0
MEX,1988,4400.0
MEX,1989,4574.0
MEX,1990,5061.0
MEX,1991,5271.0
MEX,1992,7695.0
MEX,1993,8212.0
MEX,1994,9944.0
MEX,1995,5393.0
MEX,1996,6751.0
MEX,1997,10531.0
MEX,1998,10893.0
MEX,1999,12110.0
MEX,2000,13061.0
MEX,2001,13565.0
MEX,2002,13062.0
MEX,2003,12207.0
MEX,2004,13198.0
MEX,2005,14435.0
MEX,2006,15505.0
MEX,2007,16599.0
MEX,2008,16581.0
MEX,2009,14281.0
MEX,2010,14576.0
MEX,2011,14055.0
MEX,2012,15314.0
MEX,2013,15444.0
MEX,2014,16135.0
MEX,2015,18071.0
MEX,2016,17413.0
MEX,2017,17184.0
MEX,2018,16424.0
MCO,1980,68.0
MCO,1981,76.0
MCO,1982,46.0
MCO,1983,65.0
MCO,1984,62.0
MCO,1985,69.0
MCO,1986,50.0
MCO,1987,74.0
MCO,1988,83.0
MCO,1989,59.0
MCO,1990,77.0
MCO,1991,54.0
MCO,1992,22.0
MCO,1993,21.0
MCO,1994,35.0
MCO,1995,30.0
MCO,1996,39.0
MCO,1997,33.0
MCO,1998,19.0
MCO,1999,29.0
MCO,2000,13.0
MCO,2001,20.0
MCO,2002,12.0
MCO,2003,8.0
MCO,2004,9.0
MCO,2005,7.0
MCO,2006,13.0
MCO,2007,16.0
MCO,2008,10.0
MCO,2009,10.0
MCO,2010,11.0
MCO,2011,9.0
MCO,2012,8.0
MCO,2013,5.0
MCO,2014,10.0
MCO,2015,6.0
MCO,2016,14.0
MCO,2017,35.0
MCO,2018,15.0
MNG,1983,44.0
MNG,1984,45.0
MNG,1985,2.0
MNG,1988,7.0
MNG,1989,2.0
MNG,1991,29.0
MNG,1992,28.0
MNG,1993,61.0
MNG,1994,149.0
MNG,1995,182.0
MNG,1996,137.0
MNG,1997,189.0
MNG,1998,180.0
MNG,2001,182.0
MNG,2002,226.0
MNG,2003,253.0
MNG,2004,229.0
MNG,2005,187.0
MNG,2006,213.0
MNG,2009,143.0
MNG,2010,179.0
MNG,2013,265.0
MNG,2014,265.0
MNG,2015,237.0
MNG,2016,219.0
MNG,2017,228.0
MNG,2018,161.0
MNE,2008,917.0
MNE,2010,159.0
MNE,2011,103.0
MNE,2012,78.0
MNE,2013,23.0
MNE,2014,13.0
MNE,2015,23.0
MNE,2016,10.0
MNE,2017,10.0
MNE,2018,3.0
MAR,1980,344.0
MAR,1981,335.0
MAR,1982,331.0
MAR,1983,316.0
MAR,1984,322.0
MAR,1985,290.0
MAR,1986,254.0
MAR,1987,306.0
MAR,1988,321.0
MAR,1989,264.0
MAR,1990,329.0
MAR,1991,356.0
MAR,1993,298.0
MAR,1994,360.0
MAR,1995,381.0
MAR,1996,327.0
MAR,1997,462.0
MAR,1998,498.0
MAR,2000,104.0
MAR,2002,528.0
MAR,2004,561.0
MAR,2005,660.0
MAR,2006,910.0
MAR,2007,932.0
MAR,2008,1011.0
MAR,2009,991.0
MAR,2010,1034.0
MAR,2011,1049.0
MAR,2012,1040.0
MAR,2013,1144.0
MAR,2014,1097.0
MAR,2015,1021.0
MAR,2016,1303.0
MAR,2017,2224.0
MAR,2018,2537.0
MOZ,1999,20.0
MOZ,2000,8.0
MOZ,2001,1.0
MOZ,2002,9.0
MOZ,2003,16.0
MOZ,2004,4.0
MOZ,2005,14.0
MOZ,2006,18.0
MOZ,2007,44.0
MOZ,2008,16.0
MOZ,2009,24.0
MOZ,2010,40.0
MOZ,2011,23.0
MOZ,2012,40.0
MOZ,2013,43.0
MOZ,2014,60.0
MOZ,2015,54.0
MOZ,2016,40.0
MOZ,2017,50.0
MOZ,2018,47.0
NAM,1990,163.0
NAM,1991,133.0
NAM,1993,133.0
NAM,2015,24.0
NAM,2016,32.0
NAM,2017,25.0
NAM,2018,36.0
NPL,1980,2.0
NPL,1982,3.0
NPL,1985,1.0
NPL,1992,3.0
NPL,1993,9.0
NPL,1994,5.0
NPL,1995,8.0
NPL,2011,23.0
NPL,2012,17.0
NPL,2013,30.0
NPL,2014,46.0
NPL,2015,82.0
NPL,2016,37.0
NPL,2017,63.0
NLD,1980,7358.0
NLD,1981,6125.0
NLD,1982,5085.0
NLD,1983,4500.0
NLD,1984,3979.0
NLD,1985,3596.0
NLD,1986,3330.0
NLD,1987,3171.0
NLD,1988,3226.0
NLD,1989,3198.0
NLD,1990,2911.0
NLD,1991,2200.0
NLD,1992,2308.0
NLD,1993,2293.0
NLD,1994,2249.0
NLD,1995,2692.0
NLD,1996,2981.0
NLD,1997,3028.0
NLD,1998,3000.0
NLD,1999,3051.0
NLD,2000,2994.0
NLD,2001,2653.0
NLD,2002,2603.0
NLD,2003,2861.0
NLD,2004,2743.0
NLD,2005,2850.0
NLD,2006,2716.0
NLD,2007,2446.0
NLD,2008,2732.0
NLD,2009,2854.0
NLD,2010,2767.0
NLD,2011,2895.0
NLD,2012,2713.0
NLD,2013,2764.0
NLD,2014,2582.0
NLD,2015,2494.0
NLD,2016,2604.0
NLD,2017,2606.0
NLD,2018,2505.0
NZL,1980,3438.0
NZL,1981,3457.0
NZL,1982,3533.0
NZL,1983,3793.0
NZL,1984,4012.0
NZL,1985,3975.0
NZL,1986,4085.0
NZL,1987,4280.0
NZL,1988,4425.0
NZL,1989,4467.0
NZL,1990,4671.0
NZL,1991,4533.0
NZL,1992,4421.0
NZL,1993,3102.0
NZL,1994,3771.0
NZL,1995,4719.0
NZL,1996,7467.0
NZL,1997,9831.0
NZL,1998,5700.0
NZL,1999,7961.0
NZL,2000,7048.0
NZL,2001,7275.0
NZL,2002,6948.0
NZL,2003,6873.0
NZL,2004,6531.0
NZL,2005,7005.0
NZL,2006,7365.0
NZL,2007,7844.0
NZL,2008,5724.0
NZL,2009,6358.0
NZL,2010,6636.0
NZL,2011,6209.0
NZL,2012,7099.0
NZL,2013,6781.0
NZL,2014,7728.0
NZL,2015,6501.0
NZL,2016,6386.0
NZL,2017,6160.0
NZL,2018,6238.0
NIC,1983,64.0
NIC,1984,49.0
NIC,1985,35.0
NIC,1986,39.0
NIC,1992,42.0
NIC,1993,36.0
NIC,1995,35.0
NIC,1997,3.0
NIC,1998,12.0
NIC,1999,145.0
NIC,2000,143.0
NIC,2011,210.0
NIC,2012,176.0
NIC,2013,127.0
NIC,2014,146.0
NGA,1985,441.0
NGA,1990,258.0
NGA,2011,811.0
NGA,2012,718.0
NGA,2013,919.0
NGA,2016,235.0
NGA,2017,280.0
NGA,2018,338.0
MKD,1993,128.0
MKD,1994,236.0
MKD,1995,176.0
MKD,1996,65.0
MKD,1997,184.0
MKD,1998,144.0
MKD,1999,66.0
MKD,2000,124.0
MKD,2001,125.0
MKD,2002,251.0
MKD,2003,71.0
MKD,2004,53.0
MKD,2005,68.0
MKD,2006,59.0
MKD,2007,118.0
MKD,2008,39.0
MKD,2009,50.0
MKD,2010,28.0
MKD,2011,40.0
MKD,2012,53.0
MKD,2013,46.0
NOR,1980,3963.0
NOR,1981,4499.0
NOR,1982,4426.0
NOR,1983,4893.0
NOR,1984,5293.0
NOR,1985,4617.0
NOR,1986,4422.0
NOR,1987,5500.0
NOR,1988,5837.0
NOR,1989,5339.0
NOR,1990,5644.0
NOR,1991,5137.0
NOR,1992,5061.0
NOR,1993,4917.0
NOR,1994,5146.0
NOR,1995,5408.0
NOR,1996,5627.0
NOR,1997,6215.0
NOR,1998,6219.0
NOR,1999,6590.0
NOR,2000,6700.0
NOR,2001,6431.0
NOR,2002,6287.0
NOR,2003,5861.0
NOR,2004,5490.0
NOR,2005,5986.0
NOR,2006,6076.0
NOR,2007,6656.0
NOR,2008,5430.0
NOR,2009,3604.0
NOR,2010,1813.0
NOR,2011,1776.0
NOR,2012,1564.0
NOR,2013,1749.0
NOR,2014,1563.0
NOR,2015,1805.0
NOR,2016,2060.0
NOR,2017,2060.0
NOR,2018,1674.0
OMN,2015,346.0
OMN,2016,369.0
OMN,2017,391.0
OMN,2018,420.0
PAK,1980,406.0
PAK,1990,547.0
PAK,1991,524.0
PAK,1992,622.0
PAK,1993,636.0
PAK,1994,605.0
PAK,1995,699.0
PAK,1996,815.0
PAK,1997,1076.0
PAK,1998,1320.0
PAK,1999,1133.0
PAK,2000,1195.0
PAK,2001,1226.0
PAK,2002,1112.0
PAK,2003,1127.0
PAK,2004,1081.0
PAK,2005,1284.0
PAK,2006,1738.0
PAK,2007,1558.0
PAK,2008,1545.0
PAK,2009,1212.0
PAK,2010,1094.0
PAK,2011,953.0
PAK,2012,894.0
PAK,2013,934.0
PAK,2014,922.0
PAK,2015,886.0
PAK,2016,840.0
PAK,2017,698.0
PAK,2018,892.0
PAN,1980,105.0
PAN,1981,98.0
PAN,1982,104.0
PAN,1983,150.0
PAN,1984,113.0
PAN,1985,92.0
PAN,1986,94.0
PAN,1987,76.0
PAN,1988,88.0
PAN,1989,50.0
PAN,1990,68.0
PAN,1991,87.0
PAN,1992,84.0
PAN,1993,100.0
PAN,1994,97.0
PAN,1995,78.0
PAN,1996,173.0
PAN,2000,160.0
PAN,2001,214.0
PAN,2002,230.0
PAN,2003,260.0
PAN,2004,218.0
PAN,2005,303.0
PAN,2006,440.0
PAN,2007,475.0
PAN,2008,371.0
PAN,2009,370.0
PAN,2010,468.0
PAN,2011,441.0
PAN,2012,234.0
PAN,2013,87.0
PAN,2014,287.0
PAN,2015,403.0
PAN,2016,417.0
PAN,2017,409.0
PAN,2018,497.0
PNG,2008,46.0
PNG,2013,79.0
PNG,2015,47.0
PRY,1983,55.0
PRY,1984,42.0
PRY,1985,42.0
PRY,1989,40.0
PRY,1990,52.0
PRY,1992,64.0
PRY,1993,101.0
PRY,2000,222.0
PRY,2001,265.0
PRY,2002,182.0
PRY,2003,185.0
PRY,2004,205.0
PRY,2005,265.0
PRY,2006,385.0
PRY,2007,332.0
PRY,2008,278.0
PRY,2009,261.0
PRY,2010,365.0
PRY,2018,350.0
PER,1980,362.0
PER,1981,425.0
PER,1982,350.0
PER,1983,343.0
PER,1985,252.0
PER,1986,256.0
PER,1987,237.0
PER,1988,247.0
PER,1990,268.0
PER,1991,247.0
PER,1992,283.0
PER,1993,288.0
PER,1994,398.0
PER,1996,617.0
PER,1997,804.0
PER,1999,992.0
PER,2000,1078.0
PER,2001,1010.0
PER,2002,869.0
PER,2003,924.0
PER,2004,823.0
PER,2005,1020.0
PER,2006,1271.0
PER,2007,1359.0
PER,2008,1535.0
PER,2009,694.0
PER,2010,300.0
PER,2011,1168.0
PER,2012,1190.0
PER,2013,1266.0
PER,2014,1287.0
PER,2015,1249.0
PER,2016,1163.0
PER,2017,1219.0
PER,2018,1222.0
PHL,1980,1573.0
PHL,1981,1605.0
PHL,1982,1648.0
PHL,1983,1676.0
PHL,1984,1296.0
PHL,1985,1580.0
PHL,1986,1454.0
PHL,1987,1644.0
PHL,1988,1703.0
PHL,1989,1843.0
PHL,1990,1969.0
PHL,1991,1921.0
PHL,1992,1820.0
PHL,1993,2038.0
PHL,1994,2146.0
PHL,1995,2376.0
PHL,1996,2797.0
PHL,1997,3565.0
PHL,1998,3443.0
PHL,1999,3361.0
PHL,2000,3636.0
PHL,2001,2605.0
PHL,2002,854.0
PHL,2003,1873.0
PHL,2004,2696.0
PHL,2005,2972.0
PHL,2006,3257.0
PHL,2007,3473.0
PHL,2008,3313.0
PHL,2009,2997.0
PHL,2010,3393.0
PHL,2011,3196.0
PHL,2012,2994.0
PHL,2013,3285.0
PHL,2014,3589.0
PHL,2015,3734.0
PHL,2016,3419.0
PHL,2017,3395.0
PHL,2018,4300.0
POL,1980,7842.0
POL,1981,5558.0
POL,1982,5472.0
POL,1983,5524.0
POL,1984,5888.0
POL,1985,5894.0
POL,1986,6199.0
POL,1987,6451.0
POL,1988,7043.0
POL,1989,6137.0
POL,1990,5421.0
POL,1991,4475.0
POL,1992,4245.0
POL,1993,3672.0
POL,1994,4003.0
POL,1995,3860.0
POL,1996,3708.0
POL,1997,6349.0
POL,1998,6535.0
POL,1999,6956.0
POL,2000,7303.0
POL,2001,6530.0
POL,2002,6605.0
POL,2003,6241.0
POL,2004,7740.0
POL,2005,6583.0
POL,2006,2812.0
POL,2007,2753.0
POL,2008,2778.0
POL,2009,3140.0
POL,2010,3430.0
POL,2011,4123.0
POL,2012,4657.0
POL,2013,4411.0
POL,2014,4096.0
POL,2015,4815.0
POL,2016,4396.0
POL,2017,4041.0
POL,2018,4322.0
PRT,1980,1823.0
PRT,1981,1933.0
PRT,1982,1826.0
PRT,1983,1851.0
PRT,1984,1852.0
PRT,1985,1991.0
PRT,1986,2268.0
PRT,1987,2319.0
PRT,1988,2464.0
PRT,1989,3397.0
PRT,1990,3642.0
PRT,1991,3555.0
PRT,1992,1207.0
PRT,1993,268.0
PRT,1994,191.0
PRT,1995,201.0
PRT,1996,162.0
PRT,1997,172.0
PRT,1998,157.0
PRT,1999,195.0
PRT,2000,146.0
PRT,2001,163.0
PRT,2002,179.0
PRT,2003,165.0
PRT,2004,187.0
PRT,2005,205.0
PRT,2006,220.0
PRT,2007,281.0
PRT,2008,405.0
PRT,2009,617.0
PRT,2010,545.0
PRT,2011,646.0
PRT,2012,647.0
PRT,2013,669.0
PRT,2014,740.0
PRT,2015,945.0
PRT,2016,751.0
PRT,2017,680.0
PRT,2018,690.0
QAT,2012,61.0
QAT,2013,332.0
QAT,2014,482.0
QAT,2016,564.0
QAT,2017,593.0
KOR,1980,5070.0
KOR,1981,5303.0
KOR,1982,5924.0
KOR,1983,6394.0
KOR,1984,8633.0
KOR,1985,10585.0
KOR,1986,12755.0
KOR,1987,17057.0
KOR,1988,20051.0
KOR,1989,23315.0
KOR,1990,25820.0
KOR,1991,28133.0
KOR,1992,31073.0
KOR,1993,36493.0
KOR,1994,45712.0
KOR,1995,78499.0
KOR,1996,90326.0
KOR,1997,92684.0
KOR,1998,75233.0
KOR,1999,80642.0
KOR,2000,102010.0
KOR,2001,104612.0
KOR,2002,106136.0
KOR,2003,118651.0
KOR,2004,140115.0
KOR,2005,160921.0
KOR,2006,166189.0
KOR,2007,172469.0
KOR,2008,170632.0
KOR,2009,163523.0
KOR,2010,170101.0
KOR,2011,178924.0
KOR,2012,188915.0
KOR,2013,204589.0
KOR,2014,210292.0
KOR,2015,213694.0
KOR,2016,208830.0
KOR,2017,204775.0
KOR,2018,209992.0
MDA,1993,103.0
MDA,1994,533.0
MDA,1995,309.0
MDA,1996,424.0
MDA,1997,352.0
MDA,1998,280.0
MDA,1999,271.0
MDA,2000,250.0
MDA,2001,454.0
MDA,2002,269.0
MDA,2003,296.0
MDA,2004,306.0
MDA,2005,388.0
MDA,2006,312.0
MDA,2007,347.0
MDA,2008,295.0
MDA,2009,139.0
MDA,2010,150.0
MDA,2011,108.0
MDA,2012,115.0
MDA,2013,96.0
MDA,2014,139.0
MDA,2015,124.0
MDA,2016,155.0
MDA,2017,110.0
MDA,2018,113.0
ROU,1980,3295.0
ROU,1981,3162.0
ROU,1982,3362.0
ROU,1983,3595.0
ROU,1984,3903.0
ROU,1985,4580.0
ROU,1986,4619.0
ROU,1987,5112.0
ROU,1988,5796.0
ROU,1989,6059.0
ROU,1990,3056.0
ROU,1991,2376.0
ROU,1992,1877.0
ROU,1993,2042.0
ROU,1994,2133.0
ROU,1995,2232.0
ROU,1996,2467.0
ROU,1997,2430.0
ROU,1998,2193.0
ROU,1999,1391.0
ROU,2000,1290.0
ROU,2001,1405.0
ROU,2002,1841.0
ROU,2003,1174.0
ROU,2004,1137.0
ROU,2005,984.0
ROU,2006,876.0
ROU,2007,886.0
ROU,2008,1031.0
ROU,2009,1091.0
ROU,2010,1418.0
ROU,2011,1463.0
ROU,2012,1077.0
ROU,2013,1046.0
ROU,2014,1036.0
ROU,2015,1053.0
ROU,2016,1063.0
ROU,2017,1178.0
ROU,2018,1147.0
RUS,1992,51344.0
RUS,1993,32477.0
RUS,1994,25745.0
RUS,1995,24444.0
RUS,1996,25994.0
RUS,1997,23229.0
RUS,1998,24753.0
RUS,1999,27844.0
RUS,2000,32337.0
RUS,2001,34090.0
RUS,2002,33308.0
RUS,2003,34870.0
RUS,2004,30190.0
RUS,2005,32253.0
RUS,2006,37691.0
RUS,2007,39439.0
RUS,2008,41849.0
RUS,2009,38564.0
RUS,2010,42500.0
RUS,2011,41414.0
RUS,2012,44211.0
RUS,2013,44914.0
RUS,2014,40308.0
RUS,2015,45517.0
RUS,2016,41587.0
RUS,2017,36883.0
RUS,2018,37957.0
RWA,1980,3.0
RWA,1981,7.0
RWA,1982,2.0
RWA,1983,3.0
RWA,1984,6.0
RWA,1985,1.0
RWA,1986,1.0
RWA,1987,2.0
RWA,1988,6.0
RWA,1989,1.0
RWA,1990,4.0
RWA,1991,1.0
RWA,1992,2.0
RWA,1994,3.0
RWA,1999,4.0
RWA,2012,70.0
RWA,2014,12.0
RWA,2015,6.0
RWA,2016,6.0
RWA,2017,6.0
RWA,2018,7.0
KNA,2015,4.0
KNA,2016,5.0
KNA,2017,9.0
KNA,2018,4.0
LCA,1980,14.0
LCA,1981,10.0
LCA,1983,5.0
LCA,1984,1.0
LCA,1990,2.0
LCA,1992,1.0
LCA,1995,4.0
LCA,1996,5.0
LCA,2001,7.0
LCA,2016,5.0
LCA,2017,3.0
LCA,2018,2.0
VCT,1996,8.0
VCT,2000,2.0
VCT,2012,2.0
VCT,2013,8.0
VCT,2014,8.0
VCT,2015,7.0
VCT,2017,3.0
VCT,2018,4.0
WSM,1980,2.0
WSM,1981,2.0
WSM,1985,4.0
WSM,1991,2.0
WSM,1995,2.0
WSM,1996,3.0
WSM,2003,7.0
WSM,2004,2.0
WSM,2007,11.0
WSM,2014,100.0
WSM,2015,4.0
WSM,2018,1.0
SMR,2005,29.0
SMR,2006,39.0
SMR,2007,62.0
SMR,2008,74.0
SMR,2009,104.0
SMR,2010,126.0
SMR,2011,64.0
SMR,2013,166.0
SMR,2014,195.0
SMR,2015,303.0
SMR,2016,479.0
SMR,2017,618.0
SMR,2018,695.0
STP,2009,1.0
STP,2010,1.0
STP,2011,2.0
STP,2013,8.0
STP,2014,3.0
STP,2016,238.0
STP,2017,379.0
STP,2018,408.0
SAU,1989,70.0
SAU,1990,455.0
SAU,1991,519.0
SAU,1992,626.0
SAU,1993,750.0
SAU,1994,720.0
SAU,1995,746.0
SAU,1996,837.0
SAU,1997,1058.0
SAU,1998,1331.0
SAU,1999,1216.0
SAU,2000,873.0
SAU,2001,729.0
SAU,2002,613.0
SAU,2003,543.0
SAU,2004,476.0
SAU,2005,493.0
SAU,2006,538.0
SAU,2007,770.0
SAU,2010,931.0
SAU,2011,990.0
SAU,2013,931.0
SAU,2014,787.0
SAU,2015,2406.0
SAU,2016,3266.0
SAU,2017,3191.0
SAU,2018,3399.0
SRB,2004,1167.0
SRB,2005,981.0
SRB,2006,705.0
SRB,2007,516.0
SRB,2008,623.0
SRB,2009,359.0
SRB,2010,329.0
SRB,2011,229.0
SRB,2012,224.0
SRB,2013,221.0
SRB,2014,212.0
SRB,2015,191.0
SRB,2016,213.0
SRB,2017,184.0
SRB,2018,174.0
SYC,1980,3.0
SYC,1981,7.0
SYC,1983,3.0
SYC,1984,1.0
SYC,1985,2.0
SYC,1988,5.0
SYC,1995,1.0
SYC,1996,6.0
SYC,2016,14.0
SYC,2017,46.0
SYC,2018,17.0
SLE,1995,5.0
SGP,1980,633.0
SGP,1981,607.0
SGP,1983,857.0
SGP,1984,931.0
SGP,1985,1007.0
SGP,1995,2557.0
SGP,1996,12581.0
SGP,1997,6336.0
SGP,1998,6678.0
SGP,1999,7053.0
SGP,2000,8236.0
SGP,2001,8250.0
SGP,2002,8199.0
SGP,2003,7874.0
SGP,2004,8585.0
SGP,2005,8605.0
SGP,2006,9163.0
SGP,2007,9951.0
SGP,2008,9692.0
SGP,2009,8736.0
SGP,2010,9773.0
SGP,2011,9794.0
SGP,2012,9685.0
SGP,2013,9722.0
SGP,2014,10312.0
SGP,2015,10814.0
SGP,2016,10980.0
SGP,2017,10930.0
SGP,2018,11845.0
SVK,1993,963.0
SVK,1994,868.0
SVK,1995,1669.0
SVK,1996,1693.0
SVK,1997,1802.0
SVK,1998,1825.0
SVK,1999,1896.0
SVK,2000,2040.0
SVK,2001,1942.0
SVK,2002,1858.0
SVK,2003,1647.0
SVK,2004,453.0
SVK,2005,250.0
SVK,2006,283.0
SVK,2007,345.0
SVK,2008,242.0
SVK,2009,239.0
SVK,2010,282.0
SVK,2011,257.0
SVK,2012,203.0
SVK,2013,210.0
SVK,2014,234.0
SVK,2015,256.0
SVK,2016,235.0
SVK,2017,206.0
SVK,2018,231.0
SVN,1991,22.0
SVN,1992,597.0
SVN,1993,1061.0
SVN,1994,690.0
SVN,1995,430.0
SVN,1996,489.0
SVN,1997,504.0
SVN,1998,415.0
SVN,1999,399.0
SVN,2000,431.0
SVN,2001,408.0
SVN,2002,401.0
SVN,2003,370.0
SVN,2004,384.0
SVN,2005,373.0
SVN,2006,299.0
SVN,2007,346.0
SVN,2008,307.0
SVN,2009,385.0
SVN,2010,453.0
SVN,2011,481.0
SVN,2018,278.0
SLB,1983,4.0
SLB,1984,12.0
SLB,1985,4.0
SLB,1986,8.0
SLB,1987,6.0
SLB,1988,2.0
SLB,1989,2.0
SOM,1984,8.0
SOM,1985,7.0
ZAF,1980,8116.0
ZAF,1981,9034.0
ZAF,1982,9602.0
ZAF,1983,9719.0
ZAF,1984,10149.0
ZAF,1985,9900.0
ZAF,1986,9776.0
ZAF,1987,9766.0
ZAF,1988,9734.0
ZAF,1989,9976.0
ZAF,1990,6036.0
ZAF,1991,5677.0
ZAF,1992,5311.0
ZAF,1993,5186.0
ZAF,1994,5903.0
ZAF,1995,6365.0
ZAF,1996,6872.0
ZAF,1997,7272.0
ZAF,1998,7390.0
ZAF,1999,3140.0
ZAF,2000,3295.0
ZAF,2001,6393.0
ZAF,2002,6600.0
ZAF,2003,6225.0
ZAF,2004,6789.0
ZAF,2005,7004.0
ZAF,2006,7605.0
ZAF,2007,8317.0
ZAF,2008,7941.0
ZAF,2009,6735.0
ZAF,2010,6383.0
ZAF,2011,7245.0
ZAF,2012,7444.0
ZAF,2013,7295.0
ZAF,2014,7552.0
ZAF,2015,7497.0
ZAF,2016,7210.0
ZAF,2017,7544.0
ZAF,2018,6915.0
ESP,1980,10877.0
ESP,1981,10227.0
ESP,1982,10201.0
ESP,1983,9850.0
ESP,1984,10700.0
ESP,1985,11298.0
ESP,1986,10230.0
ESP,1987,4310.0
ESP,1988,4025.0
ESP,1989,4405.0
ESP,1990,3297.0
ESP,1991,2902.0
ESP,1992,2637.0
ESP,1993,2728.0
ESP,1994,2673.0
ESP,1995,2600.0
ESP,1996,2798.0
ESP,1997,2733.0
ESP,1998,2747.0
ESP,1999,2945.0
ESP,2000,3194.0
ESP,2001,2995.0
ESP,2002,3134.0
ESP,2003,3180.0
ESP,2004,3184.0
ESP,2005,3353.0
ESP,2006,3427.0
ESP,2007,3532.0
ESP,2008,3884.0
ESP,2009,3803.0
ESP,2010,3779.0
ESP,2011,3626.0
ESP,2012,3475.0
ESP,2013,3244.0
ESP,2014,3178.0
ESP,2015,3020.0
ESP,2016,2922.0
ESP,2017,2343.0
ESP,2018,1674.0
LKA,1980,78.0
LKA,1981,108.0
LKA,1982,88.0
LKA,1983,101.0
LKA,1984,94.0
LKA,1985,108.0
LKA,1986,129.0
LKA,1987,131.0
LKA,1988,118.0
LKA,1989,122.0
LKA,1990,106.0
LKA,1991,125.0
LKA,1992,127.0
LKA,1993,126.0
LKA,1994,93.0
LKA,1995,189.0
LKA,1996,164.0
LKA,1997,274.0
LKA,1998,212.0
LKA,1999,367.0
LKA,2000,321.0
LKA,2001,356.0
LKA,2002,325.0
LKA,2003,284.0
LKA,2004,315.0
LKA,2005,360.0
LKA,2006,423.0
LKA,2007,430.0
LKA,2008,465.0
LKA,2009,402.0
LKA,2010,460.0
LKA,2011,429.0
LKA,2012,539.0
LKA,2013,516.0
LKA,2015,481.0
LKA,2016,573.0
LKA,2017,543.0
LKA,2018,603.0
SDN,1983,74.0
SDN,1992,26.0
SDN,1999,6.0
SDN,2000,22.0
SDN,2001,14.0
SDN,2002,22.0
SDN,2003,17.0
SDN,2004,21.0
SDN,2005,22.0
SDN,2006,16.0
SDN,2007,16.0
SDN,2008,343.0
SDN,2009,334.0
SDN,2010,254.0
SDN,2011,252.0
SDN,2012,157.0
SDN,2013,269.0
SDN,2014,8.0
SDN,2015,268.0
SDN,2016,285.0
SDN,2017,293.0
SDN,2018,380.0
SWE,1980,9192.0
SWE,1981,7882.0
SWE,1982,7529.0
SWE,1983,7241.0
SWE,1984,6674.0
SWE,1985,6162.0
SWE,1986,5624.0
SWE,1987,5216.0
SWE,1988,4722.0
SWE,1989,4417.0
SWE,1990,4181.0
SWE,1991,3856.0
SWE,1992,3948.0
SWE,1993,4374.0
SWE,1994,4589.0
SWE,1995,4865.0
SWE,1996,4968.0
SWE,1997,5070.0
SWE,1998,4725.0
SWE,1999,4995.0
SWE,2000,5068.0
SWE,2001,4500.0
SWE,2002,3955.0
SWE,2003,3728.0
SWE,2004,3230.0
SWE,2005,2960.0
SWE,2006,2859.0
SWE,2007,2925.0
SWE,2008,2855.0
SWE,2009,2649.0
SWE,2010,2549.0
SWE,2011,2341.0
SWE,2012,2436.0
SWE,2013,2495.0
SWE,2014,2425.0
SWE,2015,2428.0
SWE,2016,2384.0
SWE,2017,2297.0
SWE,2018,2280.0
CHE,1980,9662.0
CHE,1981,8142.0
CHE,1982,7482.0
CHE,1983,6855.0
CHE,1984,6107.0
CHE,1985,5472.0
CHE,1986,5153.0
CHE,1987,5062.0
CHE,1988,4792.0
CHE,1989,4618.0
CHE,1990,4068.0
CHE,1991,3842.0
CHE,1992,3971.0
CHE,1993,3873.0
CHE,1994,3925.0
CHE,1995,3720.0
CHE,1996,3222.0
CHE,1997,3028.0
CHE,1998,2589.0
CHE,1999,2451.0
CHE,2000,2551.0
CHE,2001,2453.0
CHE,2002,2293.0
CHE,2003,2227.0
CHE,2004,2176.0
CHE,2005,2098.0
CHE,2006,2102.0
CHE,2007,2034.0
CHE,2008,2033.0
CHE,2009,2078.0
CHE,2010,2155.0
CHE,2011,2043.0
CHE,2012,2988.0
CHE,2013,2156.0
CHE,2014,2048.0
CHE,2015,1923.0
CHE,2016,1771.0
CHE,2017,1628.0
CHE,2018,1615.0
SYR,1980,104.0
SYR,1981,83.0
SYR,1982,85.0
SYR,1992,86.0
SYR,1993,122.0
SYR,1994,109.0
SYR,1995,197.0
SYR,1996,165.0
SYR,1997,162.0
SYR,1998,63.0
SYR,1999,87.0
SYR,2000,295.0
SYR,2001,228.0
SYR,2002,230.0
SYR,2003,249.0
SYR,2004,245.0
SYR,2005,139.0
SYR,2006,257.0
SYR,2015,198.0
SYR,2016,112.0
SYR,2017,136.0
SYR,2018,148.0
TJK,1993,5.0
TJK,1994,193.0
TJK,1995,65.0
TJK,1996,171.0
TJK,1997,74.0
TJK,1998,46.0
TJK,1999,43.0
TJK,2000,52.0
TJK,2001,84.0
TJK,2002,39.0
TJK,2003,31.0
TJK,2004,34.0
TJK,2005,36.0
TJK,2006,26.0
TJK,2009,12.0
TJK,2010,10.0
TJK,2011,5.0
TJK,2012,6.0
TJK,2013,4.0
TJK,2015,1.0
THA,1980,215.0
THA,1981,332.0
THA,1982,371.0
THA,1983,560.0
THA,1984,668.0
THA,1985,707.0
THA,1986,694.0
THA,1987,882.0
THA,1988,1119.0
THA,1989,1424.0
THA,1990,1940.0
THA,1991,1987.0
THA,1992,1973.0
THA,1993,2463.0
THA,1994,2966.0
THA,1995,3532.0
THA,1996,4558.0
THA,1997,5394.0
THA,1998,5071.0
THA,1999,5176.0
THA,2000,5049.0
THA,2001,5332.0
THA,2002,4489.0
THA,2003,5131.0
THA,2004,5373.0
THA,2005,6340.0
THA,2006,6261.0
THA,2007,6818.0
THA,2008,6741.0
THA,2009,5857.0
THA,2010,1937.0
THA,2011,3924.0
THA,2012,6746.0
THA,2013,7404.0
THA,2014,7930.0
THA,2015,8167.0
THA,2016,7820.0
THA,2017,7865.0
THA,2018,8149.0
TON,2016,1.0
TON,2017,1.0
TTO,1980,130.0
TTO,1982,93.0
TTO,1992,67.0
TTO,1993,91.0
TTO,1994,83.0
TTO,1995,87.0
TTO,1996,119.0
TTO,1997,171.0
TTO,1998,107.0
TTO,1999,120.0
TTO,2000,154.0
TTO,2001,239.0
TTO,2002,223.0
TTO,2003,231.0
TTO,2004,208.0
TTO,2005,206.0
TTO,2006,278.0
TTO,2007,319.0
TTO,2008,281.0
TTO,2012,215.0
TTO,2013,174.0
TTO,2014,188.0
TTO,2015,168.0
TTO,2016,136.0
TTO,2017,171.0
TTO,2018,139.0
TUN,1980,241.0
TUN,1981,211.0
TUN,1983,216.0
TUN,1984,213.0
TUN,1985,216.0
TUN,1986,167.0
TUN,1987,146.0
TUN,1988,138.0
TUN,1989,144.0
TUN,1990,161.0
TUN,1991,130.0
TUN,1992,120.0
TUN,1993,142.0
TUN,1994,145.0
TUN,1995,146.0
TUN,1996,173.0
TUN,1997,215.0
TUN,1998,238.0
TUN,1999,257.0
TUN,2000,257.0
TUN,2001,178.0
TUN,2002,103.0
TUN,2003,155.0
TUN,2004,269.0
TUN,2005,338.0
TUN,2006,456.0
TUN,2007,492.0
TUN,2008,548.0
TUN,2009,557.0
TUN,2010,621.0
TUN,2011,680.0
TUN,2012,626.0
TUN,2013,549.0
TUN,2014,542.0
TUN,2015,589.0
TUN,2016,583.0
TUN,2017,555.0
TUN,2018,451.0
TUR,1980,661.0
TUR,1981,525.0
TUR,1982,511.0
TUR,1984,600.0
TUR,1985,593.0
TUR,1986,726.0
TUR,1987,898.0
TUR,1988,900.0
TUR,1989,1048.0
TUR,1990,1228.0
TUR,1991,1205.0
TUR,1992,1252.0
TUR,1993,1226.0
TUR,1994,1367.0
TUR,1995,1690.0
TUR,1996,924.0
TUR,1997,1530.0
TUR,1998,2483.0
TUR,1999,3020.0
TUR,2000,3433.0
TUR,2001,3212.0
TUR,2002,1838.0
TUR,2003,837.0
TUR,2004,917.0
TUR,2005,1146.0
TUR,2006,1232.0
TUR,2007,2021.0
TUR,2008,2397.0
TUR,2009,2732.0
TUR,2010,3357.0
TUR,2011,4113.0
TUR,2012,4666.0
TUR,2013,4661.0
TUR,2014,5097.0
TUR,2015,5841.0
TUR,2016,6848.0
TUR,2017,8555.0
TUR,2018,7466.0
TKM,1996,236.0
TKM,1997,102.0
TKM,1998,57.0
TKM,1999,49.0
UGA,1980,28.0
UGA,1981,55.0
UGA,1982,17.0
UGA,1983,16.0
UGA,1984,28.0
UGA,1985,26.0
UGA,1987,21.0
UGA,1988,21.0
UGA,1989,14.0
UGA,1990,13.0
UGA,1991,4.0
UGA,1992,11.0
UGA,2003,5.0
UGA,2004,13.0
UGA,2005,3.0
UGA,2006,11.0
UGA,2007,7.0
UGA,2013,14.0
UGA,2014,8.0
UGA,2015,9.0
UGA,2016,16.0
UGA,2018,6.0
UKR,1992,309.0
UKR,1993,10596.0
UKR,1994,5910.0
UKR,1995,5960.0
UKR,1996,4893.0
UKR,1997,6256.0
UKR,1998,6950.0
UKR,1999,7022.0
UKR,2000,7224.0
UKR,2001,8818.0
UKR,2002,2754.0
UKR,2003,3073.0
UKR,2004,5779.0
UKR,2005,5592.0
UKR,2006,5890.0
UKR,2007,6163.0
UKR,2008,5697.0
UKR,2009,4814.0
UKR,2010,5312.0
UKR,2011,5253.0
UKR,2012,4955.0
UKR,2013,5412.0
UKR,2014,4813.0
UKR,2015,4497.0
UKR,2016,4095.0
UKR,2017,4047.0
UKR,2018,3968.0
ARE,2011,1351.0
ARE,2012,1351.0
ARE,2013,1426.0
ARE,2014,1472.0
ARE,2015,1753.0
ARE,2016,1574.0
ARE,2017,1800.0
ARE,2018,1783.0
GBR,1980,41612.0
GBR,1981,39214.0
GBR,1982,37093.0
GBR,1983,34691.0
GBR,1984,32828.0
GBR,1985,31965.0
GBR,1986,31103.0
GBR,1987,30364.0
GBR,1988,30471.0
GBR,1989,29369.0
GBR,1990,28238.0
GBR,1991,27587.0
GBR,1992,26687.0
GBR,1993,26649.0
GBR,1994,26465.0
GBR,1995,27521.0
GBR,1996,28005.0
GBR,1997,28109.0
GBR,1998,29613.0
GBR,1999,31732.0
GBR,2000,32747.0
GBR,2001,32081.0
GBR,2002,31531.0
GBR,2003,31624.0
GBR,2004,29954.0
GBR,2005,27988.0
GBR,2006,25745.0
GBR,2007,24999.0
GBR,2008,23379.0
GBR,2009,22465.0
GBR,2010,21929.0
GBR,2011,22259.0
GBR,2012,23235.0
GBR,2013,22938.0
GBR,2014,23040.0
GBR,2015,22801.0
GBR,2016,22059.0
GBR,2017,22072.0
GBR,2018,20941.0
TZA,1980,88.0
TZA,1982,30.0
TZA,1983,58.0
TZA,1985,30.0
TZA,1988,37.0
TZA,1989,23.0
TZA,2001,3.0
TZA,2002,2.0
TZA,2003,1.0
TZA,2004,3.0
TZA,2005,3.0
TZA,2006,1.0
TZA,2007,4.0
TZA,2008,5.0
TZA,2009,3.0
TZA,2010,1.0
TZA,2011,2.0
TZA,2013,3.0
TZA,2014,4.0
TZA,2015,2.0
TZA,2018,25.0
USA,1980,104329.0
USA,1981,106413.0
USA,1982,109625.0
USA,1983,103703.0
USA,1984,111284.0
USA,1985,115235.0
USA,1986,120916.0
USA,1987,131837.0
USA,1988,143836.0
USA,1989,158707.0
USA,1990,171163.0
USA,1991,172115.0
USA,1992,183347.0
USA,1993,184196.0
USA,1994,202755.0
USA,1995,228142.0
USA,1996,211946.0
USA,1997,220496.0
USA,1998,236979.0
USA,1999,265763.0
USA,2000,295895.0
USA,2001,326471.0
USA,2002,334445.0
USA,2003,342441.0
USA,2004,356943.0
USA,2005,390733.0
USA,2006,425966.0
USA,2007,456154.0
USA,2008,456321.0
USA,2009,456106.0
USA,2010,490226.0
USA,2011,503582.0
USA,2012,542815.0
USA,2013,571612.0
USA,2014,578802.0
USA,2015,589410.0
USA,2016,605571.0
USA,2017,606956.0
USA,2018,597141.0
URY,1980,283.0
URY,1981,298.0
URY,1982,206.0
URY,1983,214.0
URY,1984,190.0
URY,1985,168.0
URY,1986,163.0
URY,1987,135.0
URY,1988,172.0
URY,1989,134.0
URY,1991,171.0
URY,1992,179.0
URY,1993,176.0
URY,1994,169.0
URY,1995,256.0
URY,1996,207.0
URY,1997,402.0
URY,1998,496.0
URY,1999,552.0
URY,2000,616.0
URY,2001,595.0
URY,2002,496.0
URY,2003,549.0
URY,2004,551.0
URY,2005,613.0
URY,2006,756.0
URY,2007,774.0
URY,2008,739.0
URY,2009,780.0
URY,2010,784.0
URY,2011,687.0
URY,2012,700.0
URY,2014,676.0
URY,2015,558.0
URY,2017,523.0
UZB,1993,2431.0
UZB,1994,1125.0
UZB,1995,1058.0
UZB,1996,967.0
UZB,1997,1182.0
UZB,1998,721.0
UZB,1999,1128.0
UZB,2000,968.0
UZB,2001,1246.0
UZB,2002,918.0
UZB,2003,1102.0
UZB,2004,478.0
UZB,2005,444.0
UZB,2006,509.0
UZB,2007,522.0
UZB,2008,448.0
UZB,2009,412.0
UZB,2010,632.0
UZB,2011,556.0
UZB,2012,510.0
UZB,2013,557.0
UZB,2014,568.0
UZB,2015,507.0
UZB,2016,555.0
UZB,2017,553.0
UZB,2018,650.0
VEN,1980,2067.0
VEN,1981,2156.0
VEN,1982,2067.0
VEN,1983,2107.0
VEN,1984,2234.0
VEN,1985,1530.0
VEN,1986,1574.0
VEN,1987,1681.0
VEN,1989,1367.0
VEN,1990,1352.0
VEN,1991,1361.0
VEN,1992,1540.0
VEN,1993,1675.0
VEN,1994,1729.0
VEN,1996,2004.0
VEN,1997,2524.0
VEN,2000,2348.0
VEN,2002,2217.0
VEN,2003,2069.0
VEN,2004,1957.0
VEN,2005,2353.0
VEN,2006,2540.0
VEN,2007,2542.0
VEN,2008,2376.0
VEN,2009,2111.0
VEN,2010,1843.0
VEN,2011,1625.0
VEN,2012,1526.0
VEN,2013,1463.0
VEN,2014,1432.0
VEN,2015,975.0
VEN,2016,595.0
VEN,2017,434.0
VNM,1984,52.0
VNM,1985,3.0
VNM,1986,9.0
VNM,1988,22.0
VNM,1989,62.0
VNM,1990,75.0
VNM,1991,62.0
VNM,1992,83.0
VNM,1993,225.0
VNM,1994,292.0
VNM,1995,682.0
VNM,1996,966.0
VNM,1997,1264.0
VNM,1998,1105.0
VNM,1999,1142.0
VNM,2000,1239.0
VNM,2001,1286.0
VNM,2002,1211.0
VNM,2003,1150.0
VNM,2004,1431.0
VNM,2005,1947.0
VNM,2006,2166.0
VNM,2007,2860.0
VNM,2008,3199.0
VNM,2009,2890.0
VNM,2010,3582.0
VNM,2011,3560.0
VNM,2012,3805.0
VNM,2013,3995.0
VNM,2014,4447.0
VNM,2015,5033.0
VNM,2016,5228.0
VNM,2017,5382.0
VNM,2018,6071.0
YEM,1998,23.0
YEM,1999,39.0
YEM,2000,29.0
YEM,2001,24.0
YEM,2002,28.0
YEM,2003,29.0
YEM,2004,37.0
YEM,2005,43.0
YEM,2006,48.0
YEM,2007,35.0
YEM,2008,85.0
YEM,2009,72.0
YEM,2010,75.0
YEM,2011,44.0
YEM,2012,85.0
YEM,2013,80.0
YEM,2014,53.0
YEM,2015,30.0
YEM,2016,32.0
YEM,2017,28.0
ZMB,1980,115.0
ZMB,1981,108.0
ZMB,1982,92.0
ZMB,1983,92.0
ZMB,1984,79.0
ZMB,1985,105.0
ZMB,1986,108.0
ZMB,1987,99.0
ZMB,1988,81.0
ZMB,1989,53.0
ZMB,1990,57.0
ZMB,1991,48.0
ZMB,1992,71.0
ZMB,1993,64.0
ZMB,1995,43.0
ZMB,1996,42.0
ZMB,1999,39.0
ZMB,2001,31.0
ZMB,2002,9.0
ZMB,2003,13.0
ZMB,2004,28.0
ZMB,2005,27.0
ZMB,2006,13.0
ZMB,2007,39.0
ZMB,2008,43.0
ZMB,2009,18.0
ZMB,2010,17.0
ZMB,2011,24.0
ZMB,2012,38.0
ZMB,2013,39.0
ZMB,2014,39.0
ZMB,2015,32.0
ZMB,2016,33.0
ZMB,2017,22.0
ZWE,1980,320.0
ZWE,1981,309.0
ZWE,1982,271.0
ZWE,1983,277.0
ZWE,1984,225.0
ZWE,1985,243.0
ZWE,1986,253.0
ZWE,1987,241.0
ZWE,1988,182.0
ZWE,1989,177.0
ZWE,1990,203.0
ZWE,1991,188.0
ZWE,1992,203.0
ZWE,1993,180.0
ZWE,1995,180.0
ZWE,1996,150.0
ZWE,2013,23.0
ZWE,2014,27.0
ZWE,2015,28.0
ZWE,2016,13.0
